question,intent,response,source_url
"How do I register courses?","course_registration","Students can register courses through the SMAP course registration system during the registration period.","https://smap.uthm.edu.my/reg/courses"
"Where can I register my subjects?","course_registration","Students can register courses through the SMAP course registration system during the registration period.","https://smap.uthm.edu.my/reg/courses"
"How can I enroll in courses?","course_registration","Students can register courses through the SMAP course registration system during the registration period.","https://smap.uthm.edu.my/reg/courses"
"When can I register courses?","course_registration","Course registration dates can be referred to through the academic calendar or SMAP system.","https://smap.uthm.edu.my/reg/courses"
"Can I register courses online?","course_registration","Yes, course registration is done online through the SMAP course registration system.","https://smap.uthm.edu.my/reg/courses"
"How do I add a course?","add_drop_course","Students may add courses during the allowed add and drop period stated by the university.","https://ppa.uthm.edu.my/index.php/informasi/peraturan-akademik"
"How can I drop a subject?","add_drop_course","Students may drop courses during the allowed add and drop period according to academic regulations.","https://ppa.uthm.edu.my/index.php/informasi/peraturan-akademik"
"What is the add and drop period?","add_drop_course","The add and drop period is the period where students are allowed to correct course registration.","https://ppa.uthm.edu.my/index.php/informasi/peraturan-akademik"
"Can I change my registered courses?","add_drop_course","Course changes are allowed during the correction period stated in the academic regulations.","https://ppa.uthm.edu.my/index.php/informasi/peraturan-akademik"
"Where can I add or drop courses?","add_drop_course","Students can manage course registration through the official SMAP system.","https://smap.uthm.edu.my/reg/courses"
"When does the semester begin?","academic_calendar","The semester start date can be referred to in the official academic calendar.","https://amo.uthm.edu.my/index.php/informasi/kalendar-akademik"
"When is semester break?","academic_calendar","Semester break dates are available in the official academic calendar.","https://amo.uthm.edu.my/index.php/informasi/kalendar-akademik"
"Where can I find the academic calendar?","academic_calendar","Students can refer to the academic calendar published by PPA.","https://amo.uthm.edu.my/index.php/informasi/kalendar-akademik"
"When are university holidays?","academic_calendar","University holidays and semester breaks are listed in the academic calendar.","https://amo.uthm.edu.my/index.php/informasi/kalendar-akademik"
"When does the new semester start?","academic_calendar","The new semester start date is available in the academic calendar.","https://amo.uthm.edu.my/index.php/informasi/kalendar-akademik"
"When is the final examination?","final_exam","Students can refer to the final examination information released by PPA.","https://amo.uthm.edu.my/index.php/informasi/peperiksaan/peperiksaan-akhir"
"Where can I check my exam timetable?","final_exam","The examination timetable can be checked through the official academic examination information page.","https://amo.uthm.edu.my/index.php/informasi/peperiksaan/peperiksaan-akhir"
"How do I know my exam schedule?","final_exam","Students can view examination information through the PPA final examination page.","https://amo.uthm.edu.my/index.php/informasi/peperiksaan/peperiksaan-akhir"
"When will the examination timetable be released?","final_exam","The examination timetable is usually announced by PPA before the examination period.","https://amo.uthm.edu.my/index.php/informasi/peperiksaan/peperiksaan-akhir"
"Where can I find final examination information?","final_exam","Final examination information is available on the PPA website.","https://amo.uthm.edu.my/index.php/informasi/peperiksaan/peperiksaan-akhir"
"What is GPA?","cgpa_gpa","GPA represents a student's academic performance for a particular semester.","https://ppa.uthm.edu.my/index.php/informasi/peraturan-akademik"
"What is CGPA?","cgpa_gpa","CGPA represents the cumulative academic performance throughout the study period.","https://ppa.uthm.edu.my/index.php/informasi/peraturan-akademik"
"How is GPA calculated?","cgpa_gpa","GPA is calculated based on grade points and credit hours earned in a semester.","https://ppa.uthm.edu.my/index.php/informasi/peraturan-akademik"
"How is CGPA calculated?","cgpa_gpa","CGPA is calculated using accumulated grade points and credit hours.","https://ppa.uthm.edu.my/index.php/informasi/peraturan-akademik"
"Where can I check my GPA?","cgpa_gpa","Students can check GPA and CGPA through the academic system.","https://smap.uthm.edu.my/info/bulletin"
"What is academic probation?","academic_regulation","Academic probation refers to a student's academic standing based on university academic regulations.","https://ppa.uthm.edu.my/index.php/informasi/peraturan-akademik"
"What happens if my GPA is low?","academic_regulation","Students with low academic performance may be subject to academic status according to university regulations.","https://ppa.uthm.edu.my/index.php/informasi/peraturan-akademik"
"Where can I read academic regulations?","academic_regulation","Academic regulations are available on the PPA website.","https://ppa.uthm.edu.my/index.php/informasi/peraturan-akademik"
"What are the academic rules?","academic_regulation","Students should refer to the official UTHM Academic Regulations document.","https://ppa.uthm.edu.my/index.php/informasi/peraturan-akademik"
"Can academic regulations change?","academic_regulation","Academic regulations may be revised by the university when necessary.","https://ppa.uthm.edu.my/index.php/informasi/peraturan-akademik"
"How do I apply for graduation?","graduation","Students can refer to the official convocation website for graduation and convocation information.","https://convocation.uthm.edu.my/ms/"
"When can I apply for graduation?","graduation","Graduation and convocation information is announced through the official convocation website.","https://convocation.uthm.edu.my/ms/"
"Where can I get graduation information?","graduation","Graduation information is available on the UTHM Convocation website.","https://convocation.uthm.edu.my/ms/"
"How do I check my graduation status?","graduation","Students can refer to the official academic or convocation system for graduation-related information.","https://convocation.uthm.edu.my/ms/"
"Who is eligible for graduation?","graduation","Students who fulfil the academic and graduation requirements are eligible to graduate.","https://convocation.uthm.edu.my/ms/"
"How can I pay tuition fees?","fee_payment","Students can make tuition fee payments according to the university tuition fee guidelines.","https://io.uthm.edu.my/admission/tuition-fees"
"Where can I check tuition fees?","fee_payment","Tuition fee information is available on the official UTHM tuition fees page.","https://io.uthm.edu.my/admission/tuition-fees"
"Can I pay fees online?","fee_payment","Students may use the payment methods provided by the university.","https://io.uthm.edu.my/admission/tuition-fees"
"How do I view my fee statement?","fee_payment","Students should refer to the official student or finance portal for fee information.","https://io.uthm.edu.my/admission/tuition-fees"
"When should tuition fees be paid?","fee_payment","Students should follow the payment deadlines announced by the university.","https://io.uthm.edu.my/admission/tuition-fees"
"How do I contact PPA?","contact_ppa","Students can contact PPA through the official UTHM contact directory.","https://telefon.uthm.edu.my/index.php?menu=senaraiptj&kodkategori=22"
"Where can I find PPA phone numbers?","contact_ppa","PPA contact information is available on the UTHM telephone directory.","https://telefon.uthm.edu.my/index.php?menu=senaraiptj&kodkategori=22"
"How do I email PPA?","contact_ppa","Students can refer to the official UTHM contact directory for PPA email information.","https://telefon.uthm.edu.my/index.php?menu=senaraiptj&kodkategori=22"
"Where is PPA located?","contact_ppa","Students can refer to the official university directory for PPA contact and office information.","https://telefon.uthm.edu.my/index.php?menu=senaraiptj&kodkategori=22"
"How can I get help from PPA?","contact_ppa","Students may contact PPA through official phone, email, or university contact channels.","https://telefon.uthm.edu.my/index.php?menu=senaraiptj&kodkategori=22"
"What is the student bulletin?","student_bulletin","The student bulletin contains announcements and important academic information.","https://smap.uthm.edu.my/info/bulletin"
"Where can I view announcements?","student_bulletin","Students can access announcements through the SMAP student bulletin page.","https://smap.uthm.edu.my/info/bulletin"
"How do I check university notices?","student_bulletin","Official notices are available through the student portal and university website.","https://smap.uthm.edu.my/info/bulletin"
"Where can I find academic announcements?","student_bulletin","Academic announcements are published through official university channels such as SMAP bulletin.","https://smap.uthm.edu.my/info/bulletin"
"How do I access the student portal?","student_bulletin","Students can access student portal information through the SMAP bulletin page.","https://smap.uthm.edu.my/info/bulletin"
"add/drop period","add_drop_period","The add/drop period is stated in the Academic Calendar and academic regulations.","https://amo.uthm.edu.my/index.php/informasi/kalendar-akademik"
"course registration rules","course_registration_rules","Students must follow course registration rules stated in the academic regulations.","https://ppa.uthm.edu.my/index.php/informasi/peraturan-akademik"
"examination week","exam_week","Examination weeks are listed in the Academic Calendar.","https://amo.uthm.edu.my/index.php/informasi/kalendar-akademik"
"graduation eligibility","graduation_eligibility","Students who fulfil academic requirements are eligible for graduation.","https://convocation.uthm.edu.my/ms/"
"What is add drop period?","add_drop_period","The add/drop period is stated in the Academic Calendar and Academic Regulations.","https://amo.uthm.edu.my/index.php/informasi/kalendar-akademik"
"When is add drop period?","add_drop_period","The add/drop period is stated in the Academic Calendar and Academic Regulations.","https://amo.uthm.edu.my/index.php/informasi/kalendar-akademik"
"Tell me about add drop period","add_drop_period","The add/drop period is stated in the Academic Calendar and Academic Regulations.","https://amo.uthm.edu.my/index.php/informasi/kalendar-akademik"
"What are the course registration rules?","course_registration_rules","Students must follow the course registration rules stated in the Academic Regulations.","https://ppa.uthm.edu.my/index.php/informasi/peraturan-akademik"
"Registration rules","course_registration_rules","Students must follow the course registration rules stated in the Academic Regulations.","https://ppa.uthm.edu.my/index.php/informasi/peraturan-akademik"
"Course registration requirements","course_registration_rules","Students must follow the course registration rules stated in the Academic Regulations.","https://ppa.uthm.edu.my/index.php/informasi/peraturan-akademik"
"When is exam week?","exam_week","Examination week dates are available in the Academic Calendar.","https://amo.uthm.edu.my/index.php/informasi/kalendar-akademik"
"Examination week","exam_week","Examination week dates are available in the Academic Calendar.","https://amo.uthm.edu.my/index.php/informasi/kalendar-akademik"
"When does exam week start?","exam_week","Examination week dates are available in the Academic Calendar.","https://amo.uthm.edu.my/index.php/informasi/kalendar-akademik"
"Who can graduate?","graduation_eligibility","Students who fulfil graduation requirements are eligible to graduate.","https://convocation.uthm.edu.my/ms/"
"What are graduation requirements?","graduation_eligibility","Students who fulfil graduation requirements are eligible to graduate.","https://convocation.uthm.edu.my/ms/"
"Graduation eligibility","graduation_eligibility","Students who fulfil graduation requirements are eligible to graduate.","https://convocation.uthm.edu.my/ms/"
