document_id,document_name,keywords,summary,source_url,file_path,source_site,content_type
,Arkib Yuran Pengajian,"fakulti,jadual,kredit,kursus,payment,pelajar,penyelidikan,program,yuran","Arkib Yuran Pengajian Skip to main content Utama Korporat Bendahari Visi, Misi & Objektif Carta Organisasi Pejabat Bendahari Carta Fungsi Pejabat Bendahari Objektif Kualiti Pencapaian Pengurusan Tertinggi Piagam Pelanggan EKSA Perkhidmatan Aplikasi Online Bahagian & Unit Pekeliling Bendahari Peke...",https://bendahari.uthm.edu.my/index.php/component/content/article/yuran-pengajian-3?catid=14,,Pejabat Bendahari UTHM,web_page
,DIPLOMA KEJURUTERAAN AWAM / KEJURUTERAAN ELEKTRIK / TEKNOLOGI ANIMASI / TEKNOLOGI KEJURUTERAAN KIMIA / KEJURUTERAAN MEKANIKAL / TEKNOLOGI MAKLUMAT / SAINS GUNAAN,"academic,uthm",DIPLOMA KEJURUTERAAN AWAM / KEJURUTERAAN ELEKTRIK / TEKNOLOGI ANIMASI / TEKNOLOGI KEJURUTERAAN KIMIA / KEJURUTERAAN MEKANIKAL / TEKNOLOGI MAKLUMAT / SAINS GUNAAN,https://bendahari.uthm.edu.my/images/PDFPB/YURAN%20PENGAJIAN/SEM%202-2025%202026/PROGRAM%20DIPLOMA.pdf,,Pejabat Bendahari UTHM,pdf
,DIPLOMA KEJURUTERAAN AWAM / KEJURUTERAAN ELEKTRIK / TEKNOLOGI ANIMASI / TEKNOLOGI KEJURUTERAAN KIMIA / KEJURUTERAAN MEKANIKAL / TEKNOLOGI MAKLUMAT / SAINS GUNAAN,"academic,uthm",DIPLOMA KEJURUTERAAN AWAM / KEJURUTERAAN ELEKTRIK / TEKNOLOGI ANIMASI / TEKNOLOGI KEJURUTERAAN KIMIA / KEJURUTERAAN MEKANIKAL / TEKNOLOGI MAKLUMAT / SAINS GUNAAN,https://bendahari.uthm.edu.my/images/PDFPB/YURAN%20PENGAJIAN/2025/Kadar Yuran Ringkasan - PPD Sesi 2025-26.pdf,,Pejabat Bendahari UTHM,pdf
,DIPLOMA KEJURUTERAAN AWAM / KEJURUTERAAN ELEKTRIK / TEKNOLOGI ANIMASI / TEKNOLOGI KEJURUTERAAN KIMIA / KEJURUTERAAN MEKANIKAL / TEKNOLOGI MAKLUMAT / SAINS GUNAAN,"academic,uthm",DIPLOMA KEJURUTERAAN AWAM / KEJURUTERAAN ELEKTRIK / TEKNOLOGI ANIMASI / TEKNOLOGI KEJURUTERAAN KIMIA / KEJURUTERAAN MEKANIKAL / TEKNOLOGI MAKLUMAT / SAINS GUNAAN,https://bendahari.uthm.edu.my/images/PDFPB/YURAN%20PENGAJIAN/20242025/diploma.pdf,,Pejabat Bendahari UTHM,pdf
,FAKULTI KEJURUTERAAN AWAM DAN ALAM BINA,fakulti,FAKULTI KEJURUTERAAN AWAM DAN ALAM BINA,https://bendahari.uthm.edu.my/images/PDFPB/YURAN%20PENGAJIAN/20262027/SARJANA%20MUDA/FAKULTI%20KEJURUTERAAN%20AWAM%20DAN%20ALAM%20BINA%20FKAAB.pdf,,Pejabat Bendahari UTHM,pdf
,FAKULTI KEJURUTERAAN AWAM DAN ALAM BINA,fakulti,FAKULTI KEJURUTERAAN AWAM DAN ALAM BINA,https://bendahari.uthm.edu.my/images/PDFPB/YURAN%20PENGAJIAN/SEM%202-2025%202026/SARJANA%20MUDA/FAKULTI%20KEJURUTERAAN%20AWAM%20DAN%20ALAM%20BINA.pdf,,Pejabat Bendahari UTHM,pdf
,FAKULTI KEJURUTERAAN AWAM DAN ALAM BINA,fakulti,FAKULTI KEJURUTERAAN AWAM DAN ALAM BINA,https://bendahari.uthm.edu.my/images/PDFPB/YURAN%20PENGAJIAN/2025/Kadar Yuran Ringkasan - FKAAB 2025-26.pdf,,Pejabat Bendahari UTHM,pdf
,FAKULTI KEJURUTERAAN AWAM DAN ALAM BINA,fakulti,FAKULTI KEJURUTERAAN AWAM DAN ALAM BINA,https://bendahari.uthm.edu.my/images/PDFPB/YURAN%20PENGAJIAN/20242025/SARJANA%20MUDA/fkaab.pdf,,Pejabat Bendahari UTHM,pdf
,FAKULTI KEJURUTERAAN ELEKTRIK DAN ELEKTRONIK,fakulti,FAKULTI KEJURUTERAAN ELEKTRIK DAN ELEKTRONIK,https://bendahari.uthm.edu.my/images/PDFPB/YURAN%20PENGAJIAN/20262027/SARJANA%20MUDA/FAKULTI%20KEJURUTERAAN%20ELEKTRIK%20DAN%20ELEKTRONIK%20FKEE.pdf,,Pejabat Bendahari UTHM,pdf
,FAKULTI KEJURUTERAAN ELEKTRIK DAN ELEKTRONIK,fakulti,FAKULTI KEJURUTERAAN ELEKTRIK DAN ELEKTRONIK,https://bendahari.uthm.edu.my/images/PDFPB/YURAN%20PENGAJIAN/SEM%202-2025%202026/SARJANA%20MUDA/FAKULTI%20KEJURUTERAAN%20ELEKTRIK%20DAN%20ELEKTRONIK.pdf,,Pejabat Bendahari UTHM,pdf
,FAKULTI KEJURUTERAAN ELEKTRIK DAN ELEKTRONIK,fakulti,FAKULTI KEJURUTERAAN ELEKTRIK DAN ELEKTRONIK,https://bendahari.uthm.edu.my/images/PDFPB/YURAN%20PENGAJIAN/2025/Kadar Yuran Ringkasan - FKEE 2025-26.pdf,,Pejabat Bendahari UTHM,pdf
,FAKULTI KEJURUTERAAN ELEKTRIK DAN ELEKTRONIK,fakulti,FAKULTI KEJURUTERAAN ELEKTRIK DAN ELEKTRONIK,https://bendahari.uthm.edu.my/images/PDFPB/YURAN%20PENGAJIAN/20242025/SARJANA%20MUDA/fkee.pdf,,Pejabat Bendahari UTHM,pdf
,FAKULTI KEJURUTERAAN MEKANIKAL DAN PEMBUATAN,fakulti,FAKULTI KEJURUTERAAN MEKANIKAL DAN PEMBUATAN,https://bendahari.uthm.edu.my/images/PDFPB/YURAN%20PENGAJIAN/20262027/SARJANA%20MUDA/FAKULTI%20KEJURUTERAAN%20MEKANIKAL%20DAN%20PEMBUATAN%20FKMP.pdf,,Pejabat Bendahari UTHM,pdf
,FAKULTI KEJURUTERAAN MEKANIKAL DAN PEMBUATAN,fakulti,FAKULTI KEJURUTERAAN MEKANIKAL DAN PEMBUATAN,https://bendahari.uthm.edu.my/images/PDFPB/YURAN%20PENGAJIAN/SEM%202-2025%202026/SARJANA%20MUDA/FAKULTI%20KEJURUTERAAN%20MEKANIKAL%20DAN%20PEMBUATAN.pdf,,Pejabat Bendahari UTHM,pdf
,FAKULTI KEJURUTERAAN MEKANIKAL DAN PEMBUATAN,fakulti,FAKULTI KEJURUTERAAN MEKANIKAL DAN PEMBUATAN,https://bendahari.uthm.edu.my/images/PDFPB/YURAN%20PENGAJIAN/2025/Kadar Yuran Ringkasan - FKMP 2025-26.pdf,,Pejabat Bendahari UTHM,pdf
,FAKULTI KEJURUTERAAN MEKANIKAL DAN PEMBUATAN,fakulti,FAKULTI KEJURUTERAAN MEKANIKAL DAN PEMBUATAN,https://bendahari.uthm.edu.my/images/PDFPB/YURAN%20PENGAJIAN/20242025/SARJANA%20MUDA/fkmp.pdf,,Pejabat Bendahari UTHM,pdf
,FAKULTI PENDIDIKAN TEKNIKAL DAN VOKASIONAL,fakulti,FAKULTI PENDIDIKAN TEKNIKAL DAN VOKASIONAL,https://bendahari.uthm.edu.my/images/PDFPB/YURAN%20PENGAJIAN/20262027/SARJANA%20MUDA/FAKULTI%20PENDIDIKAN%20TEKNIKAL%20DAN%20VOKASIONAL%20FPTV.pdf,,Pejabat Bendahari UTHM,pdf
,FAKULTI PENDIDIKAN TEKNIKAL DAN VOKASIONAL,fakulti,FAKULTI PENDIDIKAN TEKNIKAL DAN VOKASIONAL,https://bendahari.uthm.edu.my/images/PDFPB/YURAN%20PENGAJIAN/SEM%202-2025%202026/SARJANA%20MUDA/FAKULTI%20PENDIDIKAN%20TEKNIKAL%20DAN%20VOKASIONAL.pdf,,Pejabat Bendahari UTHM,pdf
,FAKULTI PENDIDIKAN TEKNIKAL DAN VOKASIONAL,fakulti,FAKULTI PENDIDIKAN TEKNIKAL DAN VOKASIONAL,https://bendahari.uthm.edu.my/images/PDFPB/YURAN%20PENGAJIAN/2025/Kadar Yuran Ringkasan - FPTV 2025-26.pdf,,Pejabat Bendahari UTHM,pdf
,FAKULTI PENDIDIKAN TEKNIKAL DAN VOKASIONAL,fakulti,FAKULTI PENDIDIKAN TEKNIKAL DAN VOKASIONAL,https://bendahari.uthm.edu.my/images/PDFPB/YURAN%20PENGAJIAN/20242025/SARJANA%20MUDA/fptv.pdf,,Pejabat Bendahari UTHM,pdf
,FAKULTI PENGURUSAN TEKNOLOGI DAN PERNIAGAAN,fakulti,FAKULTI PENGURUSAN TEKNOLOGI DAN PERNIAGAAN,https://bendahari.uthm.edu.my/images/PDFPB/YURAN%20PENGAJIAN/20262027/SARJANA%20MUDA/FAKULTI%20PENGURUSAN%20TEKNOLOGI%20DAN%20PERNIAGAAN%20FPTP.pdf,,Pejabat Bendahari UTHM,pdf
,FAKULTI PENGURUSAN TEKNOLOGI DAN PERNIAGAAN,fakulti,FAKULTI PENGURUSAN TEKNOLOGI DAN PERNIAGAAN,https://bendahari.uthm.edu.my/images/PDFPB/YURAN%20PENGAJIAN/SEM%202-2025%202026/SARJANA%20MUDA/FAKULTI%20PENGURUSAN%20TEKNOLOGI%20DAN%20PERNIAGAAN.pdf,,Pejabat Bendahari UTHM,pdf
,FAKULTI PENGURUSAN TEKNOLOGI DAN PERNIAGAAN,fakulti,FAKULTI PENGURUSAN TEKNOLOGI DAN PERNIAGAAN,https://bendahari.uthm.edu.my/images/PDFPB/YURAN%20PENGAJIAN/2025/Kadar Yuran Ringkasan - FPTP 2025-26.pdf,,Pejabat Bendahari UTHM,pdf
,FAKULTI PENGURUSAN TEKNOLOGI DAN PERNIAGAAN,fakulti,FAKULTI PENGURUSAN TEKNOLOGI DAN PERNIAGAAN,https://bendahari.uthm.edu.my/images/PDFPB/YURAN%20PENGAJIAN/20242025/SARJANA%20MUDA/fptp.pdf,,Pejabat Bendahari UTHM,pdf
,FAKULTI SAINS GUNAAN DAN TEKNOLOGI,fakulti,FAKULTI SAINS GUNAAN DAN TEKNOLOGI,https://bendahari.uthm.edu.my/images/PDFPB/YURAN%20PENGAJIAN/20262027/SARJANA%20MUDA/FAKULTI%20SAINS%20GUNAAN%20DAN%20TEKNOLOGI%20FAST.pdf,,Pejabat Bendahari UTHM,pdf
,FAKULTI SAINS GUNAAN DAN TEKNOLOGI,fakulti,FAKULTI SAINS GUNAAN DAN TEKNOLOGI,https://bendahari.uthm.edu.my/images/PDFPB/YURAN%20PENGAJIAN/SEM%202-2025%202026/SARJANA%20MUDA/FAKULTI%20SAINS%20GUNAAN%20DAN%20TEKNOLOGI.pdf,,Pejabat Bendahari UTHM,pdf
,FAKULTI SAINS GUNAAN DAN TEKNOLOGI,fakulti,FAKULTI SAINS GUNAAN DAN TEKNOLOGI,https://bendahari.uthm.edu.my/images/PDFPB/YURAN%20PENGAJIAN/2025/Kadar Yuran Ringkasan - FAST 2025-26.pdf,,Pejabat Bendahari UTHM,pdf
,FAKULTI SAINS GUNAAN DAN TEKNOLOGI,fakulti,FAKULTI SAINS GUNAAN DAN TEKNOLOGI,https://bendahari.uthm.edu.my/images/PDFPB/YURAN%20PENGAJIAN/20242025/SARJANA%20MUDA/fast.pdf,,Pejabat Bendahari UTHM,pdf
,FAKULTI SAINS KOMPUTER DAN TEKNOLOGI MAKLUMAT,fakulti,FAKULTI SAINS KOMPUTER DAN TEKNOLOGI MAKLUMAT,https://bendahari.uthm.edu.my/images/PDFPB/YURAN%20PENGAJIAN/20262027/SARJANA%20MUDA/FAKULTI%20SAINS%20KOMPUTER%20DAN%20TEKNOLOGI%20MAKLUMAT%20FSKTM.pdf,,Pejabat Bendahari UTHM,pdf
,FAKULTI SAINS KOMPUTER DAN TEKNOLOGI MAKLUMAT,fakulti,FAKULTI SAINS KOMPUTER DAN TEKNOLOGI MAKLUMAT,https://bendahari.uthm.edu.my/images/PDFPB/YURAN%20PENGAJIAN/SEM%202-2025%202026/SARJANA%20MUDA/FAKULTI%20SAINS%20KOMPUTER%20DAN%20TEKNOLOGI%20MAKLUMAT.pdf,,Pejabat Bendahari UTHM,pdf
,FAKULTI SAINS KOMPUTER DAN TEKNOLOGI MAKLUMAT,fakulti,FAKULTI SAINS KOMPUTER DAN TEKNOLOGI MAKLUMAT,https://bendahari.uthm.edu.my/images/PDFPB/YURAN%20PENGAJIAN/2025/Kadar Yuran Ringkasan - FSKTM 2025-26.pdf,,Pejabat Bendahari UTHM,pdf
,FAKULTI SAINS KOMPUTER DAN TEKNOLOGI MAKLUMAT,fakulti,FAKULTI SAINS KOMPUTER DAN TEKNOLOGI MAKLUMAT,https://bendahari.uthm.edu.my/images/PDFPB/YURAN%20PENGAJIAN/20242025/SARJANA%20MUDA/fsktm.pdf,,Pejabat Bendahari UTHM,pdf
,FAKULTI TEKNOLOGI KEJURUTERAAN,fakulti,FAKULTI TEKNOLOGI KEJURUTERAAN,https://bendahari.uthm.edu.my/images/PDFPB/YURAN%20PENGAJIAN/20262027/SARJANA%20MUDA/FAKULTI%20TEKNOLOGI%20KEJURUTERAAN%20FTK.pdf,,Pejabat Bendahari UTHM,pdf
,FAKULTI TEKNOLOGI KEJURUTERAAN,fakulti,FAKULTI TEKNOLOGI KEJURUTERAAN,https://bendahari.uthm.edu.my/images/PDFPB/YURAN%20PENGAJIAN/SEM%202-2025%202026/SARJANA%20MUDA/FAKULTI%20TEKNOLOGI%20KEJURUTERAAN.pdf,,Pejabat Bendahari UTHM,pdf
,FAKULTI TEKNOLOGI KEJURUTERAAN,fakulti,FAKULTI TEKNOLOGI KEJURUTERAAN,https://bendahari.uthm.edu.my/images/PDFPB/YURAN%20PENGAJIAN/2025/Kadar Yuran Ringkasan - FTK 2025-26.pdf,,Pejabat Bendahari UTHM,pdf
,FAKULTI TEKNOLOGI KEJURUTERAAN,fakulti,FAKULTI TEKNOLOGI KEJURUTERAAN,https://bendahari.uthm.edu.my/images/PDFPB/YURAN%20PENGAJIAN/20242025/SARJANA%20MUDA/ftk.pdf,,Pejabat Bendahari UTHM,pdf
,Iklan dan Keputusan Perolehan UTHM,"bayaran,fakulti,jadual,kredit,kuliah,payment,pelajar,pendaftaran,peperiksaan,program,research,sijil,yuran","Iklan dan Keputusan Perolehan UTHM Skip to main content Utama Korporat Bendahari Visi, Misi & Objektif Carta Organisasi Pejabat Bendahari Carta Fungsi Pejabat Bendahari Objektif Kualiti Pencapaian Pengurusan Tertinggi Piagam Pelanggan EKSA Perkhidmatan Aplikasi Online Bahagian & Unit Pekeliling B...",https://bendahari.uthm.edu.my/index.php/hebahan/iklan-perolehan-uthm/jadual-pamer-tender,,Pejabat Bendahari UTHM,web_page
,"MEMBEKAL, MENGHANTAR, MEMASANG, MENGUJI LARI, MENYELENGGARA DAN LATIHAN UNTUK SISTEM KOMUNIKASI AERODROM SERTA PERALATAN-PERALATAN BERKAITAN DI LAPANGAN TERBANG UTHM TANJUNG LABOH, PEJABAT PENGURUSAN ","academic,uthm","MEMBEKAL, MENGHANTAR, MEMASANG, MENGUJI LARI, MENYELENGGARA DAN LATIHAN UNTUK SISTEM KOMUNIKASI AERODROM SERTA PERALATAN-PERALATAN BERKAITAN DI LAPANGAN TERBANG UTHM TANJUNG LABOH, PEJABAT PENGURUSAN UTHM TANJUNG LABOH (PPTL), UNIVERSITI TUN HUSSEIN ONN MALAYSIA (UTHM), 86400 PARIT RAJA, BATU PAH...",https://bendahari.uthm.edu.my/images/Pejabat%20Bendahari/Jadual%20Pamer%20Perolehan/Jadual%20Pamer%20-%20Aerodrom.pdf,,Pejabat Bendahari UTHM,pdf
,"MEMBEKAL, MENGHANTAR, MEMASANG, MENGUJILARI SERTA MENGESAHKAN PERALATAN BAGI PEMBANGUNAN BENGKEL PENGAJARAN KENDERAAN ELEKTRIK DAN SWAPANDU PROGRAM IJAZAH SARJANA MUDA TEKNOLOGI KEJURUTERAAN MEKANIKAL","fakulti,program","MEMBEKAL, MENGHANTAR, MEMASANG, MENGUJILARI SERTA MENGESAHKAN PERALATAN BAGI PEMBANGUNAN BENGKEL PENGAJARAN KENDERAAN ELEKTRIK DAN SWAPANDU PROGRAM IJAZAH SARJANA MUDA TEKNOLOGI KEJURUTERAAN MEKANIKAL (AUTOMOTIF) DENGAN KEPUJIAN DI FAKULTI TEKNOLOGI KEJURUTERAAN, UNIVERSITI TUN HUSSEIN ONN MALAYS...",https://bendahari.uthm.edu.my/images/Pejabat%20Bendahari/Jadual%20Pamer%20Perolehan/Jadula%20Pamer%20-%20Pengajaran%20Kenderaan%20Elektrik.pdf,,Pejabat Bendahari UTHM,pdf
,"MENAIK TARAF LOJI RAWATAN KUMBAHAN SEDIA ADA BERKAPASITI 10,000 PE KEPADA 20,000 PE DI UNIVERSITI TUN HUSSEIN ONN MALAYSIA, KAMPUS PARIT RAJA, BATU PAHAT, JOHOR. PAKEJ 3 : MENAIKTARAF LOJI STP 10,000 ","academic,uthm","MENAIK TARAF LOJI RAWATAN KUMBAHAN SEDIA ADA BERKAPASITI 10,000 PE KEPADA 20,000 PE DI UNIVERSITI TUN HUSSEIN ONN MALAYSIA, KAMPUS PARIT RAJA, BATU PAHAT, JOHOR.",https://bendahari.uthm.edu.my/images/Pejabat%20Bendahari/Jadual%20Pamer%20Perolehan/Jadual%20Pamer%20-%20Loji%20Rawatan%20Kumbahan.pdf,,Pejabat Bendahari UTHM,pdf
,Pejabat Bendahari UTHM,"bayaran,jadual,kredit,payment,pelajar,pendaftaran,penyelidikan,yuran","Pejabat Bendahari UTHM Skip to main content Utama Korporat Bendahari Visi, Misi & Objektif Carta Organisasi Pejabat Bendahari Carta Fungsi Pejabat Bendahari Objektif Kualiti Pencapaian Pengurusan Tertinggi Piagam Pelanggan EKSA Perkhidmatan Aplikasi Online Bahagian & Unit Pekeliling Bendahari Pek...",https://bendahari.uthm.edu.my/,,Pejabat Bendahari UTHM,web_page
,"PERKHIDMATAN PENCUCIAN DAN PEMBERSIHAN BANGUNAN SELAMA TIGA PULUH ENAM (36) BULAN BAGI DUA BELAS (12) BLOK PANGSAPURI (A1, A5, A6, A10, A11, A12, A13, A14, A15, A16, A17 DAN A18), DUA (2) BLOK RUMAH K","academic,uthm","PERKHIDMATAN PENCUCIAN DAN PEMBERSIHAN BANGUNAN SELAMA TIGA PULUH ENAM (36) BULAN BAGI DUA BELAS (12) BLOK PANGSAPURI (A1, A5, A6, A10, A11, A12, A13, A14, A15, A16, A17 DAN A18), DUA (2) BLOK RUMAH KEDIAMAN PENGETUA DAN FELO (A3 DAN A4), DEWAN (A9), MUSOLAH (A8) DAN DUA (2) BALAI PENGAWAL DI KOL...",https://bendahari.uthm.edu.my/images/Pejabat%20Bendahari/Jadual%20Pamer%20Perolehan/Jadual%20Pamer%20-%20Pencucian%20dan%20pembersihan.pdf,,Pejabat Bendahari UTHM,pdf
,"PERKHIDMATAN PENYEWAAN BAS KITARAN BAGI TEMPOH 3 TAHUN UNTUK KAMPUS CAWANGAN PAGOH, PEJABAT HAL EHWAL PELAJAR, UNIVERSITI TUN HUSSEIN ONN MALAYSIA",pelajar,"PERKHIDMATAN PENYEWAAN BAS KITARAN BAGI TEMPOH 3 TAHUN UNTUK KAMPUS CAWANGAN PAGOH, PEJABAT HAL EHWAL PELAJAR, UNIVERSITI TUN HUSSEIN ONN MALAYSIA",https://bendahari.uthm.edu.my/images/Pejabat%20Bendahari/Jadual%20Pamer%20Perolehan/Jadual%20Pamer%20-%20Bas%20kitaran%20Cawangan%20Pagoh.pdf,,Pejabat Bendahari UTHM,pdf
,"PERKHIDMATAN PENYEWAAN BAS KITARAN BAGI TEMPOH 3 TAHUN UNTUK KAMPUS INDUK PARIT RAJA, PEJABAT HAL EHWAL PELAJAR, UNIVERSITI TUN HUSSEIN ONN MALAYSIA",pelajar,"PERKHIDMATAN PENYEWAAN BAS KITARAN BAGI TEMPOH 3 TAHUN UNTUK KAMPUS INDUK PARIT RAJA, PEJABAT HAL EHWAL PELAJAR, UNIVERSITI TUN HUSSEIN ONN MALAYSIA",https://bendahari.uthm.edu.my/images/Pejabat%20Bendahari/Jadual%20Pamer%20Perolehan/Jadual%20Pamer%20-%20Bas%20kitaran%20Induk.pdf,,Pejabat Bendahari UTHM,pdf
,Portal Pelajar,"jadual,kredit,payment,pelajar,yuran","Portal Pelajar Skip to main content Utama Korporat Bendahari Visi, Misi & Objektif Carta Organisasi Pejabat Bendahari Carta Fungsi Pejabat Bendahari Objektif Kualiti Pencapaian Pengurusan Tertinggi Piagam Pelanggan EKSA Perkhidmatan Aplikasi Online Bahagian & Unit Pekeliling Bendahari Pekeliling...",https://bendahari.uthm.edu.my/index.php/component/content/article/portal-pelajar?catid=22,,Pejabat Bendahari UTHM,web_page
,PROGRAM DOKTOR FALSAFAH PERNIAGAAN (PJB),program,PROGRAM DOKTOR FALSAFAH PERNIAGAAN (PJB),https://bendahari.uthm.edu.my/images/PDFPB/YURAN%20PENGAJIAN/20262027/PHD/PhD%20Program%20Doktor%20Falsafah%20Perniagaan%20PJB.pdf,,Pejabat Bendahari UTHM,pdf
,PROGRAM DOKTOR FALSAFAH PERNIAGAAN (PJB),program,PROGRAM DOKTOR FALSAFAH PERNIAGAAN (PJB),https://bendahari.uthm.edu.my/images/PDFPB/YURAN%20PENGAJIAN/2025/POSTGRAD/Kadar Yuran Ringkasan - PJB JBS 2025-26 BI.pdf,,Pejabat Bendahari UTHM,pdf
,PROGRAM DOKTOR FALSAFAH PERNIAGAAN (PJB),program,PROGRAM DOKTOR FALSAFAH PERNIAGAAN (PJB),https://bendahari.uthm.edu.my/images/PDFPB/YURAN%20PENGAJIAN/SEM%202-2025%202026/PHD/Program%20Doktor%20Falsafah%20Perniagaan%20PJB.pdf,,Pejabat Bendahari UTHM,pdf
,PROGRAM DOKTOR PENDIDIKAN (PBD),program,PROGRAM DOKTOR PENDIDIKAN (PBD),https://bendahari.uthm.edu.my/images/PDFPB/YURAN%20PENGAJIAN/20262027/PHD/PhD%20Program%20Doktor%20Pendidikan%20PBD%20EDD.pdf,,Pejabat Bendahari UTHM,pdf
,PROGRAM DOKTOR PENDIDIKAN (PBD),program,PROGRAM DOKTOR PENDIDIKAN (PBD),https://bendahari.uthm.edu.my/images/PDFPB/YURAN%20PENGAJIAN/2025/POSTGRAD/Kadar Yuran Ringkasan - PBD FPTV 2025-26 BI.pdf,,Pejabat Bendahari UTHM,pdf
,PROGRAM DOKTOR PENDIDIKAN (PBD),program,PROGRAM DOKTOR PENDIDIKAN (PBD),https://bendahari.uthm.edu.my/images/PDFPB/YURAN%20PENGAJIAN/SEM%202-2025%202026/PHD/Program%20Doktor%20Pendidikan%20PBD.pdf,,Pejabat Bendahari UTHM,pdf
,PROGRAM DOKTOR PENTADBIRAN PERNIAGAAN (PJA),program,PROGRAM DOKTOR PENTADBIRAN PERNIAGAAN (PJA),https://bendahari.uthm.edu.my/images/PDFPB/YURAN%20PENGAJIAN/20262027/PHD/PhD%20Program%20Doktor%20Pentadbiran%20Perniagaan%20PJA.pdf,,Pejabat Bendahari UTHM,pdf
,PROGRAM DOKTOR PENTADBIRAN PERNIAGAAN (PJA),program,PROGRAM DOKTOR PENTADBIRAN PERNIAGAAN (PJA),https://bendahari.uthm.edu.my/images/PDFPB/YURAN%20PENGAJIAN/2025/POSTGRAD/Kadar Yuran Ringkasan - PJA JBS 2025-26 BI.pdf,,Pejabat Bendahari UTHM,pdf
,PROGRAM DOKTOR PENTADBIRAN PERNIAGAAN (PJA),program,PROGRAM DOKTOR PENTADBIRAN PERNIAGAAN (PJA),https://bendahari.uthm.edu.my/images/PDFPB/YURAN%20PENGAJIAN/SEM%202-2025%202026/PHD/Program%20Doktor%20Pentadbiran%20Perniagaan%20PJA.pdf,,Pejabat Bendahari UTHM,pdf
,PROGRAM KERJA KURSUS & MOD CAMPURAN SEPARUH MASA - UTHM SWIFT,"kursus,program",PROGRAM KERJA KURSUS & MOD CAMPURAN SEPARUH MASA - UTHM SWIFT,https://bendahari.uthm.edu.my/images/PDFPB/YURAN%20PENGAJIAN/20262027/SARJANA/Program%20Kerja%20Kursus%20%20Mod%20Campuran%20Separuh%20Masa%20-%20UET.pdf,,Pejabat Bendahari UTHM,pdf
,PROGRAM KERJA KURSUS & MOD CAMPURAN SEPARUH MASA - UTHM SWIFT,"kursus,program",PROGRAM KERJA KURSUS & MOD CAMPURAN SEPARUH MASA - UTHM SWIFT,https://bendahari.uthm.edu.my/images/PDFPB/YURAN%20PENGAJIAN/2025/Kadar%20Yuran%20Ringkasan%20-%20Pascasiswazah%201%202025-26%20BI%20Termasuk%20MBV.pdf,,Pejabat Bendahari UTHM,pdf
,PROGRAM KERJA KURSUS & MOD CAMPURAN SEPARUH MASA - UTHM SWIFT,"kursus,program",PROGRAM KERJA KURSUS & MOD CAMPURAN SEPARUH MASA - UTHM SWIFT,https://bendahari.uthm.edu.my/images/PDFPB/YURAN%20PENGAJIAN/SEM%202-2025%202026/MASTER/Program%20Kerja%20Kursus%20%20Mod%20Campuran%20Separuh%20Masa%20-%20UTHM%20SWIFT.pdf,,Pejabat Bendahari UTHM,pdf
,PROGRAM KERJA KURSUS SEPENUH MASA,"kursus,program",PROGRAM KERJA KURSUS SEPENUH MASA,https://bendahari.uthm.edu.my/images/PDFPB/YURAN%20PENGAJIAN/20262027/SARJANA/Program%20Kerja%20Kursus%20Sepenuh%20Masa.pdf,,Pejabat Bendahari UTHM,pdf
,PROGRAM KERJA KURSUS SEPENUH MASA,"kursus,program",PROGRAM KERJA KURSUS SEPENUH MASA,https://bendahari.uthm.edu.my/images/PDFPB/YURAN PENGAJIAN/2025/POSTGRAD/Kadar Yuran Ringkasan - COURSEWORK 2025-26 BI.pdf,,Pejabat Bendahari UTHM,pdf
,PROGRAM KERJA KURSUS SEPENUH MASA,"kursus,program",PROGRAM KERJA KURSUS SEPENUH MASA,https://bendahari.uthm.edu.my/images/PDFPB/YURAN%20PENGAJIAN/SEM%202-2025%202026/MASTER/Program%20Kerja%20Kursus%20Sepenuh%20Masa.pdf,,Pejabat Bendahari UTHM,pdf
,PROGRAM MOD CAMPURAN SEPENUH MASA,program,PROGRAM MOD CAMPURAN SEPENUH MASA,https://bendahari.uthm.edu.my/images/PDFPB/YURAN%20PENGAJIAN/20262027/SARJANA/Program%20Mod%20Campuran%20Sepenuh%20Masa.pdf,,Pejabat Bendahari UTHM,pdf
,PROGRAM MOD CAMPURAN SEPENUH MASA,program,PROGRAM MOD CAMPURAN SEPENUH MASA,https://bendahari.uthm.edu.my/images/PDFPB/YURAN%20PENGAJIAN/2025/POSTGRAD/Kadar Yuran Ringkasan - MIXMODE 2025-26 BI.pdf,,Pejabat Bendahari UTHM,pdf
,PROGRAM MOD CAMPURAN SEPENUH MASA,program,PROGRAM MOD CAMPURAN SEPENUH MASA,https://bendahari.uthm.edu.my/images/PDFPB/YURAN%20PENGAJIAN/SEM%202-2025%202026/MASTER/Program%20Mod%20Campuran%20Sepenuh%20Masa.pdf,,Pejabat Bendahari UTHM,pdf
,PROGRAM PENDIDIKAN TEKNIKAL & VOKASIONAL - MBV BITARA,program,PROGRAM PENDIDIKAN TEKNIKAL & VOKASIONAL - MBV BITARA,https://bendahari.uthm.edu.my/images/PDFPB/YURAN%20PENGAJIAN/20262027/SARJANA/Program%20Pendidikan%20Teknikal%20%20Vokasional%20%20MBV%20-%20BITARA.pdf,,Pejabat Bendahari UTHM,pdf
,PROGRAM PENDIDIKAN TEKNIKAL & VOKASIONAL - MBV BITARA,program,PROGRAM PENDIDIKAN TEKNIKAL & VOKASIONAL - MBV BITARA,https://bendahari.uthm.edu.my/images/PDFPB/YURAN%20PENGAJIAN/SEM%202-2025%202026/MASTER/Program%20Pendidikan%20Teknikal%20%20Vokasional%20-%20MBV%20Bitara.pdf,,Pejabat Bendahari UTHM,pdf
,PROGRAM PENTADBIRAN PERNIAGAAN (MBA ODL) - JBS,program,PROGRAM PENTADBIRAN PERNIAGAAN (MBA ODL) - JBS,https://bendahari.uthm.edu.my/images/PDFPB/YURAN%20PENGAJIAN/20262027/SARJANA/Program%20Pentadbiran%20Perniagaan%20MBA%20ODL%20-%20JBS.pdf,,Pejabat Bendahari UTHM,pdf
,PROGRAM PENTADBIRAN PERNIAGAAN (MBA ODL) - JBS,program,PROGRAM PENTADBIRAN PERNIAGAAN (MBA ODL) - JBS,https://bendahari.uthm.edu.my/images/PDFPB/YURAN%20PENGAJIAN/2025/POSTGRAD/Kadar Yuran Ringkasan - MBS ODL JBS 2025-26 BI.pdf,,Pejabat Bendahari UTHM,pdf
,PROGRAM PENTADBIRAN PERNIAGAAN (MBA ODL) - JBS,program,PROGRAM PENTADBIRAN PERNIAGAAN (MBA ODL) - JBS,https://bendahari.uthm.edu.my/images/PDFPB/YURAN%20PENGAJIAN/SEM%202-2025%202026/MASTER/Program%20Pentadbiran%20Perniagaan%20MBA%20ODL%20-%20JBS.pdf,,Pejabat Bendahari UTHM,pdf
,PROGRAM PENTADBIRAN PERNIAGAAN (MJA) - JBS,program,PROGRAM PENTADBIRAN PERNIAGAAN (MJA) - JBS,https://bendahari.uthm.edu.my/images/PDFPB/YURAN%20PENGAJIAN/20262027/SARJANA/Program%20Pentadbiran%20Perniagaan%20MJA%20-%20JBS.pdf,,Pejabat Bendahari UTHM,pdf
,PROGRAM PENTADBIRAN PERNIAGAAN (MJA) - JBS,program,PROGRAM PENTADBIRAN PERNIAGAAN (MJA) - JBS,https://bendahari.uthm.edu.my/images/PDFPB/YURAN%20PENGAJIAN/2025/POSTGRAD/Kadar Yuran Ringkasan - MJA JBS 2025-26 BI.pdf,,Pejabat Bendahari UTHM,pdf
,PROGRAM PENTADBIRAN PERNIAGAAN (MJA) - JBS,program,PROGRAM PENTADBIRAN PERNIAGAAN (MJA) - JBS,https://bendahari.uthm.edu.my/images/PDFPB/YURAN%20PENGAJIAN/SEM%202-2025%202026/MASTER/Program%20Pentadbiran%20Perniagaan%20MJA%20-%20JBS.pdf,,Pejabat Bendahari UTHM,pdf
,PROGRAM PENYELIDIKAN,"penyelidikan,program",PROGRAM PENYELIDIKAN,https://bendahari.uthm.edu.my/images/PDFPB/YURAN%20PENGAJIAN/20262027/PHD/PhD%20Program%20Doktor%20Penyelidikan.pdf,,Pejabat Bendahari UTHM,pdf
,PROGRAM PENYELIDIKAN,"penyelidikan,program",PROGRAM PENYELIDIKAN,https://bendahari.uthm.edu.my/images/PDFPB/YURAN%20PENGAJIAN/2025/1.Kadar%20Yuran%20Ringkasan%20-%20Pascasiswazah%201%202025-26%20BI.pdf,,Pejabat Bendahari UTHM,pdf
,PROGRAM PENYELIDIKAN,"penyelidikan,program",PROGRAM PENYELIDIKAN,https://bendahari.uthm.edu.my/images/PDFPB/YURAN%20PENGAJIAN/SEM%202-2025%202026/PHD/Kadar%20Yuran%20Ringkasan%20-%20Pascasiswazah%202%202025-26%20BI.pdf,,Pejabat Bendahari UTHM,pdf
,PROGRAM PENYELIDIKAN SEPENUH MASA & SEPARUH MASA,"penyelidikan,program",PROGRAM PENYELIDIKAN SEPENUH MASA & SEPARUH MASA,https://bendahari.uthm.edu.my/images/PDFPB/YURAN%20PENGAJIAN/20262027/SARJANA/Program%20Penyelidikan%20Sepenuh%20Masa%20%20Separuh%20Masa.pdf,,Pejabat Bendahari UTHM,pdf
,PROGRAM PENYELIDIKAN SEPENUH MASA & SEPARUH MASA,"penyelidikan,program",PROGRAM PENYELIDIKAN SEPENUH MASA & SEPARUH MASA,https://bendahari.uthm.edu.my/images/PDFPB/YURAN%20PENGAJIAN/2025/POSTGRAD/Kadar Yuran Ringkasan - RESEARCH 2025-26 BI.pdf,,Pejabat Bendahari UTHM,pdf
,PROGRAM PENYELIDIKAN SEPENUH MASA & SEPARUH MASA,"penyelidikan,program",PROGRAM PENYELIDIKAN SEPENUH MASA & SEPARUH MASA,https://bendahari.uthm.edu.my/images/PDFPB/YURAN%20PENGAJIAN/SEM%202-2025%202026/MASTER/Program%20Penyelidikan%20Sepenuh%20Masa%20%20Separuh%20Masa.pdf,,Pejabat Bendahari UTHM,pdf
,PROGRAM SAINS KEJURUTERAAN TENAGA LESTARI (MDL),program,PROGRAM SAINS KEJURUTERAAN TENAGA LESTARI (MDL),https://bendahari.uthm.edu.my/images/PDFPB/YURAN%20PENGAJIAN/20262027/SARJANA/Program%20Sains%20Kejuruteraan%20Tenaga%20Lestari%20MDL%20-%20FKMP.pdf,,Pejabat Bendahari UTHM,pdf
,PROGRAM SAINS KEJURUTERAAN TENAGA LESTARI (MDL),program,PROGRAM SAINS KEJURUTERAAN TENAGA LESTARI (MDL),https://bendahari.uthm.edu.my/images/PDFPB/YURAN%20PENGAJIAN/2025/POSTGRAD/Kadar Yuran Ringkasan - MDL FKMP 2025-26 BI.pdf,,Pejabat Bendahari UTHM,pdf
,PROGRAM SAINS KEJURUTERAAN TENAGA LESTARI (MDL),program,PROGRAM SAINS KEJURUTERAAN TENAGA LESTARI (MDL),https://bendahari.uthm.edu.my/images/PDFPB/YURAN%20PENGAJIAN/SEM%202-2025%202026/MASTER/Program%20Sains%20Kejuruteraan%20Tenaga%20Lestari%20MDL.pdf,,Pejabat Bendahari UTHM,pdf
,PROGRAM SAINS KOMPUTER (CIE & CII),program,PROGRAM SAINS KOMPUTER (CIE & CII),https://bendahari.uthm.edu.my/images/PDFPB/YURAN%20PENGAJIAN/20262027/SARJANA/Program%20Sains%20Komputer%20CIE%20%20CII%20-%20FSKTM.pdf,,Pejabat Bendahari UTHM,pdf
,PROGRAM SAINS KOMPUTER (CIE & CII),program,PROGRAM SAINS KOMPUTER (CIE & CII),https://bendahari.uthm.edu.my/images/PDFPB/YURAN%20PENGAJIAN/SEM%202-2025%202026/MASTER/Program%20Sains%20Komputer%20CIE%20%20CII.pdf,,Pejabat Bendahari UTHM,pdf
,PROGRAM SAINS OBJEK RANGKAIAN INTERNET (MET),program,PROGRAM SAINS OBJEK RANGKAIAN INTERNET (MET),https://bendahari.uthm.edu.my/images/PDFPB/YURAN%20PENGAJIAN/20262027/SARJANA/Program%20Sains%20Objek%20Rangkaian%20Internet%20MET%20-%20FKEE.pdf,,Pejabat Bendahari UTHM,pdf
,PROGRAM SAINS OBJEK RANGKAIAN INTERNET (MET),program,PROGRAM SAINS OBJEK RANGKAIAN INTERNET (MET),https://bendahari.uthm.edu.my/images/PDFPB/YURAN%20PENGAJIAN/2025/POSTGRAD/Kadar Yuran Ringkasan - MET FKEE 2025-26 BI.pdf,,Pejabat Bendahari UTHM,pdf
,PROGRAM SAINS PENGURUSAN INDUSTRI (MPE),program,PROGRAM SAINS PENGURUSAN INDUSTRI (MPE),https://bendahari.uthm.edu.my/images/PDFPB/YURAN%20PENGAJIAN/20262027/SARJANA/Program%20Sains%20Pengurusan%20Industri%20MPE%20-%20FPTP.pdf,,Pejabat Bendahari UTHM,pdf
,PROGRAM SAINS PENGURUSAN INDUSTRI (MPE),program,PROGRAM SAINS PENGURUSAN INDUSTRI (MPE),https://bendahari.uthm.edu.my/images/PDFPB/YURAN%20PENGAJIAN/2025/POSTGRAD/Kadar Yuran Ringkasan - MPE FPTP 2025-26 BI.pdf,,Pejabat Bendahari UTHM,pdf
,PROGRAM SAINS PENGURUSAN INDUSTRI (MPE),program,PROGRAM SAINS PENGURUSAN INDUSTRI (MPE),https://bendahari.uthm.edu.my/images/PDFPB/YURAN%20PENGAJIAN/SEM%202-2025%202026/MASTER/Program%20Sains%20Pengurusan%20Industri%20MPE.pdf,,Pejabat Bendahari UTHM,pdf
,PROGRAM SARJANA INTERNET PELBAGAI BENDA (MEI),program,PROGRAM SARJANA INTERNET PELBAGAI BENDA (MEI),https://bendahari.uthm.edu.my/images/PDFPB/YURAN%20PENGAJIAN/SEM%202-2025%202026/MASTER/Master%20MEI.pdf,,Pejabat Bendahari UTHM,pdf
,PROGRAM TEKNOLOGI MAKLUMAT (MIC),program,PROGRAM TEKNOLOGI MAKLUMAT (MIC),https://bendahari.uthm.edu.my/images/PDFPB/YURAN%20PENGAJIAN/SEM%202-2025%202026/MASTER/Program%20Teknologi%20Maklumat%20MIC.pdf,,Pejabat Bendahari UTHM,pdf
,PROGRAM TEKNOLOGI MAKLUMAT(MIC),program,PROGRAM TEKNOLOGI MAKLUMAT(MIC),https://bendahari.uthm.edu.my/images/PDFPB/YURAN%20PENGAJIAN/20262027/SARJANA/Program%20Teknologi%20Maklumat%20MIC%20-%20FSKTM.pdf,,Pejabat Bendahari UTHM,pdf
,Read more,"academic,uthm",Read more,https://bendahari.uthm.edu.my/images/PDFPB/YURAN%20PENGAJIAN/Yuran%20Diploma%20Sem%20Khas%202026-2027.pdf,,Pejabat Bendahari UTHM,pdf
,"SUPPLY, DELIVERY, INSTALLATION, TESTING, COMMISSIONING SOFTWARE FOR THE DEVELOPMENT OF PATIENT INFORMATION MANAGEMENT SYSTEM (UTHM HEALTHCARE) FOR PUSAT KESIHATAN UNIVERSITI, UNIVERSITI TUN HUSSEIN ON","academic,uthm","SUPPLY, DELIVERY, INSTALLATION, TESTING, COMMISSIONING SOFTWARE FOR THE DEVELOPMENT OF PATIENT INFORMATION MANAGEMENT SYSTEM (UTHM HEALTHCARE) FOR PUSAT KESIHATAN UNIVERSITI, UNIVERSITI TUN HUSSEIN ONN MALAYSIA PARIT RAJA AND KAMPUS CAWANGAN PAGOH",https://bendahari.uthm.edu.my/images/Pejabat%20Bendahari/Jadual%20Pamer%20Perolehan/Jadual%20Pamer%20-%20UTHM%20HealthCare.pdf,,Pejabat Bendahari UTHM,pdf
,Unit Akaun Pelajar FAQ,"bayaran,jadual,kredit,payment,pelajar,yuran","Unit Akaun Pelajar FAQ Skip to main content Utama Korporat Bendahari Visi, Misi & Objektif Carta Organisasi Pejabat Bendahari Carta Fungsi Pejabat Bendahari Objektif Kualiti Pencapaian Pengurusan Tertinggi Piagam Pelanggan EKSA Perkhidmatan Aplikasi Online Bahagian & Unit Pekeliling Bendahari Pek...",https://bendahari.uthm.edu.my/index.php/soalan-lazim-faq/unit-akaun-pelajar-faq,,Pejabat Bendahari UTHM,web_page
,Yuran Pengajian,"fakulti,jadual,kredit,kursus,payment,pelajar,penyelidikan,program,yuran","Yuran Pengajian Skip to main content Utama Korporat Bendahari Visi, Misi & Objektif Carta Organisasi Pejabat Bendahari Carta Fungsi Pejabat Bendahari Objektif Kualiti Pencapaian Pengurusan Tertinggi Piagam Pelanggan EKSA Perkhidmatan Aplikasi Online Bahagian & Unit Pekeliling Bendahari Pekeliling...",https://bendahari.uthm.edu.my/index.php/perkhidmatan/yuran-pengajian,,Pejabat Bendahari UTHM,web_page
,2_Pelaksanaan_Peperiksaan_Akhir_Secara_Buka_Buku,peperiksaan,Official UTHM academic source: 2_Pelaksanaan_Peperiksaan_Akhir_Secara_Buka_Buku.,https://amo.uthm.edu.my/images/UPPP/peperiksaan/2_Pelaksanaan_Peperiksaan_Akhir_Secara_Buka_Buku.pdf,,Pejabat Pengurusan Akademik UTHM,pdf
,[KLIK DI SINI / CLICK HERE],"academic,uthm",[KLIK DI SINI / CLICK HERE],https://amo.uthm.edu.my/images/UPPP/Borang_Terbaru/Peperiksaan%202026/Graduan_Senat_Nov_25.pdf,,Pejabat Pengurusan Akademik UTHM,pdf
,[KLIK DI SINI / CLICK HERE],"academic,uthm",[KLIK DI SINI / CLICK HERE],https://amo.uthm.edu.my/images/UPPP/Borang_Terbaru/Peperiksaan%202026/Graduan_Senat_Jan_26.pdf,,Pejabat Pengurusan Akademik UTHM,pdf
,[KLIK DI SINI / CLICK HERE],"academic,uthm",[KLIK DI SINI / CLICK HERE],https://amo.uthm.edu.my/images/UPPP/Borang_Terbaru/Peperiksaan%202026/Graduan_Senat_Mac_26.pdf,,Pejabat Pengurusan Akademik UTHM,pdf
,[KLIK DI SINI / CLICK HERE],"academic,uthm",[KLIK DI SINI / CLICK HERE],https://amo.uthm.edu.my/images/UPPP/Borang_Terbaru/Peperiksaan%202026/Graduan_Senat_April_26.pdf,,Pejabat Pengurusan Akademik UTHM,pdf
,[KLIK DI SINI / CLICK HERE],"academic,uthm",[KLIK DI SINI / CLICK HERE],https://amo.uthm.edu.my/images/UPPP/Borang_Terbaru/Peperiksaan%202026/Graduan_Senat_Mei_26.pdf,,Pejabat Pengurusan Akademik UTHM,pdf
,[KLIK DI SINI / CLICK HERE],"academic,uthm",[KLIK DI SINI / CLICK HERE],https://amo.uthm.edu.my/images/UPPP/Senarai_Graduan_Senat_Ogos_26.pdf,,Pejabat Pengurusan Akademik UTHM,pdf
,[KLIK DI SINI / CLICK HERE],"academic,uthm",[KLIK DI SINI / CLICK HERE],https://amo.uthm.edu.my/images/UPPP/Borang_Terbaru/Peperiksaan%202026/Senarai_Graduan_Senat_Sep_26.pdf,,Pejabat Pengurusan Akademik UTHM,pdf
,[SILA KLIK DI ISINI],"academic,uthm",[SILA KLIK DI ISINI],https://amo.uthm.edu.my/images/MUET/Notis_Tuntut_Slip_Keputusan.pdf,,Pejabat Pengurusan Akademik UTHM,pdf
,[SILA KLIK DI SINI],"academic,uthm",[SILA KLIK DI SINI],https://amo.uthm.edu.my/images/UPPP/Borang_Terbaru/peperiksaan%202025/JadualExamIII2425RasmiTarikhv5.pdf,,Pejabat Pengurusan Akademik UTHM,pdf
,[SILA KLIK DI SINI],"academic,uthm",[SILA KLIK DI SINI],https://amo.uthm.edu.my/images/UPPP/Borang_Terbaru/Notis_Peperiksaan_Akhir_Sem_II_20242025_BM__BI_2152025.pdf,,Pejabat Pengurusan Akademik UTHM,pdf
,[SILA KLIK DI SINI],"academic,uthm",[SILA KLIK DI SINI],https://amo.uthm.edu.my/images/UPPP/JADUAL_PERIKSA_20242025/Notis_Peperiksaan_Akhir_Sem_I_20242025_BM__BI_v2_8122024.pdf,,Pejabat Pengurusan Akademik UTHM,pdf
,[SILA KLIK DI SINI],"academic,uthm",[SILA KLIK DI SINI],https://amo.uthm.edu.my/images/MUET/MUET%202026/Pendaftaran_s3_2026_1.pdf,,Pejabat Pengurusan Akademik UTHM,pdf
,[SILA KLIK DI SINI],"academic,uthm",[SILA KLIK DI SINI],https://amo.uthm.edu.my/images/MUET/MUET%202026/notis_semak_kod_pusat_dan_buat_bayaran.pdf,,Pejabat Pengurusan Akademik UTHM,pdf
,[SILA KLIK DI SINI],"academic,uthm",[SILA KLIK DI SINI],https://amo.uthm.edu.my/images/MUET/MUET%202026/Kalendar_MUET_Tahun_2026_-_Edisi__BM_kemaskini_25_Feb_2026.pdf,,Pejabat Pengurusan Akademik UTHM,pdf
,[SILA KLIK DI SINI],"academic,uthm",[SILA KLIK DI SINI],https://amo.uthm.edu.my/images/MUET/MUET%202026/NOTIS_CETAK_SLIP_PENDAFTARAN_MUET_SESI_1_2026.pdf,,Pejabat Pengurusan Akademik UTHM,pdf
,[SILA KLIK DI SINI],"academic,uthm",[SILA KLIK DI SINI],https://amo.uthm.edu.my/images/MUET/MUET%202026/NOTIS_LOKASI_MUET_SESI_1_2026.pdf,,Pejabat Pengurusan Akademik UTHM,pdf
,[SILA KLIK DISINI],"academic,uthm",[SILA KLIK DISINI],https://amo.uthm.edu.my/images/UPPP/Borang_Terbaru/Peperiksaan%202026/Notis_Peperiksaan_Akhir_Sem_III_20252026_BM__BI_v2.pdf,,Pejabat Pengurusan Akademik UTHM,pdf
,[SILA KLIK DISINI],"academic,uthm",[SILA KLIK DISINI],https://amo.uthm.edu.my/images/UPPP/Borang_Terbaru/Peperiksaan%202026/JadualExamSem_III_20252026_Rasmi_IkutKursus.pdf,,Pejabat Pengurusan Akademik UTHM,pdf
,[SILA KLIK DISINI],"academic,uthm",[SILA KLIK DISINI],https://amo.uthm.edu.my/images/UPPP/Borang_Terbaru/Peperiksaan%202026/JadualExamSem_III_20252026_Rasmi_IkutTarikh.pdf,,Pejabat Pengurusan Akademik UTHM,pdf
,[SILA KLIK DISINI],"academic,uthm",[SILA KLIK DISINI],https://amo.uthm.edu.my/images/UPPP/Borang_Terbaru/Peperiksaan%202026/1.Notis_Peperiksaan_Akhir_Sem_II_20252026_BM__BI_v2.pdf,,Pejabat Pengurusan Akademik UTHM,pdf
,[SILA KLIK DISINI],"academic,uthm",[SILA KLIK DISINI],https://amo.uthm.edu.my/images/UPPP/Borang_Terbaru/Peperiksaan%202026/2.JadualExamSem_II_20252026_Draf1_Ikut_Kursus_v318526.pdf,,Pejabat Pengurusan Akademik UTHM,pdf
,[SILA KLIK DISINI],"academic,uthm",[SILA KLIK DISINI],https://amo.uthm.edu.my/images/UPPP/Borang_Terbaru/Peperiksaan%202026/3.JadualExamSem_II_20252026_Draf2_Ikut_Kursus_v3.pdf,,Pejabat Pengurusan Akademik UTHM,pdf
,[SILA KLIK DISINI],"academic,uthm",[SILA KLIK DISINI],https://amo.uthm.edu.my/images/UPPP/Borang_Terbaru/Peperiksaan%202026/4.JadualExamSem_II_20252026_Rasmi_Ikut_Kursus_v3.pdf,,Pejabat Pengurusan Akademik UTHM,pdf
,[SILA KLIK DISINI],"academic,uthm",[SILA KLIK DISINI],https://amo.uthm.edu.my/images/UPPP/Borang_Terbaru/Peperiksaan%202026/5.JadualExamSem_II_20252026_Rasmi_Ikut_Tarikh_v3.pdf,,Pejabat Pengurusan Akademik UTHM,pdf
,[SILA KLIK DISINI],"academic,uthm",[SILA KLIK DISINI],https://amo.uthm.edu.my/images/UPPP/Borang_Terbaru/Peperiksaan%202026/6.Notis_Ralat_Jadual_Peperiksaan_Akhir_Sem_II_20252026_v2.pdf,,Pejabat Pengurusan Akademik UTHM,pdf
,[SILA KLIK DISINI],"academic,uthm",[SILA KLIK DISINI],https://amo.uthm.edu.my/images/UPPP/Borang_Terbaru/Peperiksaan%202026/7.ByInvigilators_Sem_II_20252026_Rasmi.pdf,,Pejabat Pengurusan Akademik UTHM,pdf
,[SILA KLIK DISINI],"academic,uthm",[SILA KLIK DISINI],https://amo.uthm.edu.my/images/UPPP/Borang_Terbaru/Peperiksaan%202026/8.Byslots_Sem_II_20252026_Rasmi.pdf,,Pejabat Pengurusan Akademik UTHM,pdf
,[SILA KLIK DISINI],"academic,uthm",[SILA KLIK DISINI],https://amo.uthm.edu.my/images/UPPP/Borang_Terbaru/Peperiksaan%202026/9.Notis_Bahan_Larangan_Peperiksaan_Akhir_Sem_II_20252026_BM_BI.pdf,,Pejabat Pengurusan Akademik UTHM,pdf
,[SILA KLIK DISINI],"academic,uthm",[SILA KLIK DISINI],https://amo.uthm.edu.my/images/UPPP/Borang_Terbaru/peperiksaan%202026/Slide_Taklimat_Pengawas.pdf,,Pejabat Pengurusan Akademik UTHM,pdf
,[SILA KLIK DISINI],"academic,uthm",[SILA KLIK DISINI],https://amo.uthm.edu.my/images/UPPP/Borang_Terbaru/peperiksaan%202026/Taklimat_PUU.pdf,,Pejabat Pengurusan Akademik UTHM,pdf
,[SILA KLIK DISINI],"academic,uthm",[SILA KLIK DISINI],https://amo.uthm.edu.my/images/UPPP/Borang_Terbaru/peperiksaan%202025/Notis_Peperiksaan_Akhir_Sem_I_20252026_BM__BI_v2.pdf,,Pejabat Pengurusan Akademik UTHM,pdf
,[SILA KLIK DISINI],"academic,uthm",[SILA KLIK DISINI],https://amo.uthm.edu.my/images/UPPP/Borang_Terbaru/JadualExamSem_I_20252026_Draf1_Ikut_Kursus_v2.pdf,,Pejabat Pengurusan Akademik UTHM,pdf
,[SILA KLIK DISINI],"academic,uthm",[SILA KLIK DISINI],https://amo.uthm.edu.my/images/UPPP/Borang_Terbaru/peperiksaan%202025/JadualExamSem_I_20252026_Rasmi_Ikut_Kursus_v4b.pdf,,Pejabat Pengurusan Akademik UTHM,pdf
,[SILA KLIK DISINI],"academic,uthm",[SILA KLIK DISINI],https://amo.uthm.edu.my/images/UPPP/Borang_Terbaru/peperiksaan%202025/JadualExamSem_I_20252026_Rasmi_Ikut_Tarikh_v4b.pdf,,Pejabat Pengurusan Akademik UTHM,pdf
,[SILA KLIK DISINI],"academic,uthm",[SILA KLIK DISINI],https://amo.uthm.edu.my/images/UPPP/Borang_Terbaru/peperiksaan%202026/Notis%20Ralat%20Jadual%20Peperiksaan%20Akhir%20Sem%20I%2020252026.pdf,,Pejabat Pengurusan Akademik UTHM,pdf
,[SILA KLIK DISINI],"academic,uthm",[SILA KLIK DISINI],https://amo.uthm.edu.my/images/UPPP/Borang_Terbaru/peperiksaan%202026/ByInvigilators_Sem_1_2526.pdf_Terkini.pdf,,Pejabat Pengurusan Akademik UTHM,pdf
,[SILA KLIK DISINI],"academic,uthm",[SILA KLIK DISINI],https://amo.uthm.edu.my/images/UPPP/Borang_Terbaru/peperiksaan%202026/BySlots_Sem_1_2526_Terkini.pdf,,Pejabat Pengurusan Akademik UTHM,pdf
,[SILA KLIK DISINI],"academic,uthm",[SILA KLIK DISINI],https://amo.uthm.edu.my/images/UPPP/Borang_Terbaru/peperiksaan%202025/JadualExamIII2425RasmiKodKursusv6.pdf,,Pejabat Pengurusan Akademik UTHM,pdf
,[SILA KLIK DISINI],"academic,uthm",[SILA KLIK DISINI],https://amo.uthm.edu.my/images/UPPP/Borang_Terbaru/peperiksaan%202025/By_Invigilators_Sem_II_20242025_Terbaru.pdf,,Pejabat Pengurusan Akademik UTHM,pdf
,[SILA KLIK DISINI],"academic,uthm",[SILA KLIK DISINI],https://amo.uthm.edu.my/images/UPPP/Borang_Terbaru/peperiksaan%202025/By_Slots_Sem_II_20242025_Terbaru.pdf,,Pejabat Pengurusan Akademik UTHM,pdf
,[SILA KLIK DISINI],"academic,uthm",[SILA KLIK DISINI],https://amo.uthm.edu.my/images/UPPP/Borang_Terbaru/peperiksaan%202025/Blok_G3_B__E.pdf,,Pejabat Pengurusan Akademik UTHM,pdf
,[SILA KLIK DISINI],"academic,uthm",[SILA KLIK DISINI],https://amo.uthm.edu.my/images/UPPP/Borang_Terbaru/peperiksaan%202025/F2_Bawah.pdf,,Pejabat Pengurusan Akademik UTHM,pdf
,[SILA KLIK DISINI],"academic,uthm",[SILA KLIK DISINI],https://amo.uthm.edu.my/images/UPPP/Borang_Terbaru/peperiksaan%202025/F2_Atas.pdf,,Pejabat Pengurusan Akademik UTHM,pdf
,[SILA KLIK DISINI],"academic,uthm",[SILA KLIK DISINI],https://amo.uthm.edu.my/images/UPPP/Borang_Terbaru/peperiksaan%202025/DSI_v3.pdf,,Pejabat Pengurusan Akademik UTHM,pdf
,[SILA KLIK DISINI],"academic,uthm",[SILA KLIK DISINI],https://amo.uthm.edu.my/images/UPPP/JADUAL_PERIKSA_20242025/JadualExamI2425Draf1v2.pdf,,Pejabat Pengurusan Akademik UTHM,pdf
,[SILA KLIK DISINI],"academic,uthm",[SILA KLIK DISINI],https://amo.uthm.edu.my/images/UPPP/JADUAL_PERIKSA_20242025/JadualExamI2425Draf2KodKursus.pdf,,Pejabat Pengurusan Akademik UTHM,pdf
,Admission Requirements,"academic,admission,akademik,berhenti,certificate,cgpa,class,course,examination,faculty,fakulti,graduan,graduate,graduation,international,jadual,kemasukan,kuliah",Admission Requirements Skip to main content UTAMA Home Mengenai Kami About Us Carta Organisasi dan Carta Fungsi Organizational Chart Senarai Keahlian Senat Senate Membership List Direktori Directory Fakta Dan Angka Facts and Figures Pentadbir Laman Web Web Administrator Senarai Pihak Berkepenting...,https://amo.uthm.edu.my/index.php/kemasukan/international/admission-requirements,,Pejabat Pengurusan Akademik UTHM,web_page
,Arahan Kepada Pelajar Jika Perlu Ke Tandas Semasa Peperiksaan Akhir Berlangsung,"pelajar,peperiksaan",Arahan Kepada Pelajar Jika Perlu Ke Tandas Semasa Peperiksaan Akhir Berlangsung,https://amo.uthm.edu.my/images/UPPP/Borang_Terbaru/Peraturan_Exam/4._Arahan_Pelajar_Perlu_ke_Tandas.pdf,,Pejabat Pengurusan Akademik UTHM,pdf
,Berhenti Pengajian,"academic,admission,akademik,bayaran,berhenti,certificate,cgpa,class,course,examination,gpa,graduan,graduate,graduation,international,jadual,kemasukan,kuliah",Berhenti Pengajian Skip to main content UTAMA Home Mengenai Kami About Us Carta Organisasi dan Carta Fungsi Organizational Chart Senarai Keahlian Senat Senate Membership List Direktori Directory Fakta Dan Angka Facts and Figures Pentadbir Laman Web Web Administrator Senarai Pihak Berkepentingan (...,https://amo.uthm.edu.my/index.php/pelajar/pelajar/berhenti-pengajian,,Pejabat Pengurusan Akademik UTHM,web_page
,Booklet Syarat Kemasukan dan Senarai Program UTHM (Diploma & Sarjana Muda),"kemasukan,program",Booklet Syarat Kemasukan dan Senarai Program UTHM (Diploma & Sarjana Muda),https://amo.uthm.edu.my/images/UPKP/2026/BUKU - Syarat Kemasukan Penuh V3_.pdf,,Pejabat Pengurusan Akademik UTHM,pdf
,Jadual Waktu Kuliah Akademik,"academic,admission,akademik,berhenti,certificate,class,course,examination,graduan,graduate,graduation,international,jadual,kemasukan,kuliah,kursus,lecture,muet",Jadual Waktu Kuliah Akademik Skip to main content UTAMA Home Mengenai Kami About Us Carta Organisasi dan Carta Fungsi Organizational Chart Senarai Keahlian Senat Senate Membership List Direktori Directory Fakta Dan Angka Facts and Figures Pentadbir Laman Web Web Administrator Senarai Pihak Berkep...,https://amo.uthm.edu.my/index.php/pelajar/kuliah/jadual-waktu-kuliah-akademik,,Pejabat Pengurusan Akademik UTHM,web_page
,Jadual%20Waktu%20Exam%20Sem%20I%20Sesi%202023%202024-Ikut%20Tarikh-Draf%202,jadual,Official UTHM academic source: Jadual%20Waktu%20Exam%20Sem%20I%20Sesi%202023%202024-Ikut%20Tarikh-Draf%202.,https://amo.uthm.edu.my/images/UPPP/peperiksaan/jadualpeperiksaanI2324/Jadual%20Waktu%20Exam%20Sem%20I%20Sesi%202023%202024-Ikut%20Tarikh-Draf%202.pdf,,Pejabat Pengurusan Akademik UTHM,pdf
,KEDUDUKAN NOMBOR MEJA DEWAN PEPERIKSAAN A9,peperiksaan,KEDUDUKAN NOMBOR MEJA DEWAN PEPERIKSAAN A9,https://amo.uthm.edu.my/images/UPPP/Borang_Terbaru/Peperiksaan%202026/Lokasi%20Dewan/LAYOUT_A9.pdf,,Pejabat Pengurusan Akademik UTHM,pdf
,KEDUDUKAN NOMBOR MEJA DEWAN PEPERIKSAAN DSI,peperiksaan,KEDUDUKAN NOMBOR MEJA DEWAN PEPERIKSAAN DSI,https://amo.uthm.edu.my/images/UPPP/Borang_Terbaru/Peperiksaan%202026/Lokasi%20Dewan/Layout_DSI_26126.pdf,,Pejabat Pengurusan Akademik UTHM,pdf
,KEDUDUKAN NOMBOR MEJA DEWAN PEPERIKSAAN F2 ATAS,peperiksaan,KEDUDUKAN NOMBOR MEJA DEWAN PEPERIKSAAN F2 ATAS,https://amo.uthm.edu.my/images/UPPP/Borang_Terbaru/Peperiksaan%202026/Lokasi%20Dewan/LAYOUT_F2_ATAS.pdf,,Pejabat Pengurusan Akademik UTHM,pdf
,KEDUDUKAN NOMBOR MEJA DEWAN PEPERIKSAAN F2 BAWAH,peperiksaan,KEDUDUKAN NOMBOR MEJA DEWAN PEPERIKSAAN F2 BAWAH,https://amo.uthm.edu.my/images/UPPP/Borang_Terbaru/Peperiksaan%202026/Lokasi%20Dewan/LAYOUT_F2_BAWAH.pdf,,Pejabat Pengurusan Akademik UTHM,pdf
,KEDUDUKAN NOMBOR MEJA DEWAN PEPERIKSAAN G3,peperiksaan,KEDUDUKAN NOMBOR MEJA DEWAN PEPERIKSAAN G3,https://amo.uthm.edu.my/images/UPPP/Borang_Terbaru/Peperiksaan%202026/Lokasi%20Dewan/layout_G3.pdf,,Pejabat Pengurusan Akademik UTHM,pdf
,KEDUDUKAN NOMBOR MEJA DEWAN PEPERIKSAAN MPH,peperiksaan,KEDUDUKAN NOMBOR MEJA DEWAN PEPERIKSAAN MPH,https://amo.uthm.edu.my/images/UPPP/Borang_Terbaru/Peperiksaan%202026/Lokasi%20Dewan/MPH%201.pdf,,Pejabat Pengurusan Akademik UTHM,pdf
,KEDUDUKAN NOMBOR MEJA DEWAN PEPERIKSAAN PUSAT KONVENSYEN,peperiksaan,KEDUDUKAN NOMBOR MEJA DEWAN PEPERIKSAAN PUSAT KONVENSYEN,https://amo.uthm.edu.my/images/UPPP/Borang_Terbaru/Peperiksaan%202026/Lokasi%20Dewan/PUSAT_KONVENSYEN.pdf,,Pejabat Pengurusan Akademik UTHM,pdf
,KLIK DI SINI / CLICK HERE,"academic,uthm",KLIK DI SINI / CLICK HERE,https://amo.uthm.edu.my/images/UPPP/Borang_Terbaru/Senarai_Graduan_10_2_25.pdf,,Pejabat Pengurusan Akademik UTHM,pdf
,KLIK DI SINI / CLICK HERE,"academic,uthm",KLIK DI SINI / CLICK HERE,https://amo.uthm.edu.my/images/UPPP/Borang_Terbaru/02_-_Graduan_Senat_13_Mac_2025_2532025.pdf,,Pejabat Pengurusan Akademik UTHM,pdf
,KLIK DI SINI / CLICK HERE,"academic,uthm",KLIK DI SINI / CLICK HERE,https://amo.uthm.edu.my/images/UPPP/Borang_Terbaru/03_-_Graduan_Senat_8_April_2025.pdf,,Pejabat Pengurusan Akademik UTHM,pdf
,KLIK DI SINI / CLICK HERE,"academic,uthm",KLIK DI SINI / CLICK HERE,https://amo.uthm.edu.my/images/UPPP/Borang_Terbaru/04_-_Graduan_Senat_17_Julai_2025.pdf,,Pejabat Pengurusan Akademik UTHM,pdf
,KLIK DI SINI / CLICK HERE,"academic,uthm",KLIK DI SINI / CLICK HERE,https://amo.uthm.edu.my/images/UPPP/Borang_Terbaru/Senarai_Graduan_Upload_ke_Web_PPA.pdf,,Pejabat Pengurusan Akademik UTHM,pdf
,KLIK DI SINI / CLICK HERE,"academic,uthm",KLIK DI SINI / CLICK HERE,https://amo.uthm.edu.my/images/UPPP/Borang_Terbaru/peperiksaan%202025/Senarai_Graduan_Senat_9_10_25.pdf,,Pejabat Pengurusan Akademik UTHM,pdf
,KLIK DISINI,"academic,uthm",KLIK DISINI,https://amo.uthm.edu.my/images/USPG/Kalendar_Akaademik_2025/Kalender Akademik BM BI 1672025.pdf,,Pejabat Pengurusan Akademik UTHM,pdf
,KLIK DISINI,"academic,uthm",KLIK DISINI,https://amo.uthm.edu.my/images/UPKP/2025/Tatacara_Permohonan_Surat_Pengesahan_Pelajar.pdf,,Pejabat Pengurusan Akademik UTHM,pdf
,MUET,"academic,admission,akademik,bayaran,berhenti,calendar,certificate,class,course,exam,examination,graduan,graduate,graduation,international,jadual,kalendar,kemasukan",MUET Skip to main content UTAMA Home Mengenai Kami About Us Carta Organisasi dan Carta Fungsi Organizational Chart Senarai Keahlian Senat Senate Membership List Direktori Directory Fakta Dan Angka Facts and Figures Pentadbir Laman Web Web Administrator Senarai Pihak Berkepentingan (Dalaman) Inter...,https://amo.uthm.edu.my/index.php/pelajar/peperiksaan/muet,,Pejabat Pengurusan Akademik UTHM,web_page
,Notice in English Version,"academic,uthm",Notice in English Version,https://amo.uthm.edu.my/images/MUET/Memo_Kemaskini_MUET_BI.pdf,,Pejabat Pengurusan Akademik UTHM,pdf
,Notis versi Bahasa Malaysia,"academic,uthm",Notis versi Bahasa Malaysia,https://amo.uthm.edu.my/images/MUET/Memo_Kemaskini_MUET_BM.pdf,,Pejabat Pengurusan Akademik UTHM,pdf
,Panduan Penulisan Templat Laporan Projek Tahun Akhir Prasiswazah,"academic,admission,akademik,berhenti,certificate,class,course,examination,graduan,graduate,graduation,international,jadual,kemasukan,kuliah,kursus,lecture,muet",Panduan Penulisan Templat Laporan Projek Tahun Akhir Prasiswazah Skip to main content UTAMA Home Mengenai Kami About Us Carta Organisasi dan Carta Fungsi Organizational Chart Senarai Keahlian Senat Senate Membership List Direktori Directory Fakta Dan Angka Facts and Figures Pentadbir Laman Web We...,https://amo.uthm.edu.my/index.php/pelajar/pelajar/panduan-penulisan-templat-laporan-projek-tahun-akhir-prasiswazah,,Pejabat Pengurusan Akademik UTHM,web_page
,Pejabat Pengurusan Akademik (PPA) UTHM | Universiti Tun Hussein Onn Malaysia,"academic,admission,akademik,antarabangsa,berhenti,certificate,class,convocation,course,examination,graduan,graduate,graduation,international,jadual,kemasukan,kuliah,kursus",Pejabat Pengurusan Akademik (PPA) UTHM | Universiti Tun Hussein Onn Malaysia Skip to main content UTAMA Home Mengenai Kami About Us Carta Organisasi dan Carta Fungsi Organizational Chart Senarai Keahlian Senat Senate Membership List Direktori Directory Fakta Dan Angka Facts and Figures Pentadbir...,https://amo.uthm.edu.my/,,Pejabat Pengurusan Akademik UTHM,web_page
,Pelaksanaan Peperiksaan Akhir Secara Buka Buku,peperiksaan,Pelaksanaan Peperiksaan Akhir Secara Buka Buku,https://amo.uthm.edu.my/images/UPPP/Borang_Terbaru/Peraturan_Exam/3._Pelaksanaan_Peperiskaan_Akhir_Secara_Buka_Buku_BM_BI.pdf,,Pejabat Pengurusan Akademik UTHM,pdf
,Penguatkuasaan Larangan Membawa Bahan Larangan Ke Dalam Dewan Peperiksaan,peperiksaan,Penguatkuasaan Larangan Membawa Bahan Larangan Ke Dalam Dewan Peperiksaan,https://amo.uthm.edu.my/images/UPPP/Borang_Terbaru/Peraturan_Exam/Notis_Bahan_Larangan_Peperiksaan_Akhir_Sem_II_20242025_BM_BI.pdf,,Pejabat Pengurusan Akademik UTHM,pdf
,Peperiksaan,"academic,admission,akademik,berhenti,certificate,class,course,examination,graduan,graduate,graduation,international,jadual,kemasukan,kuliah,kursus,lecture,muet",Peperiksaan Skip to main content UTAMA Home Mengenai Kami About Us Carta Organisasi dan Carta Fungsi Organizational Chart Senarai Keahlian Senat Senate Membership List Direktori Directory Fakta Dan Angka Facts and Figures Pentadbir Laman Web Web Administrator Senarai Pihak Berkepentingan (Dalaman...,https://amo.uthm.edu.my/index.php/pelajar/peperiksaan/peperiksaan-akhir,,Pejabat Pengurusan Akademik UTHM,web_page
,PERATURAN PEPERIKSAAN AKHIR / FINAL EXAMINATION REGULATIONS,"examination,peperiksaan,peraturan",PERATURAN PEPERIKSAAN AKHIR / FINAL EXAMINATION REGULATIONS,https://amo.uthm.edu.my/images/UPPP/peperiksaan/Peraturan_Peperiksaan_Akhir-21062022.pdf,,Pejabat Pengurusan Akademik UTHM,pdf
,Ringkasan Tugas Ketua Pengawas/ Pen. Ketua Pengawas/ Pengawas/ Pembantu Pengawas Peperiksaan,peperiksaan,Ringkasan Tugas Ketua Pengawas/ Pen. Ketua Pengawas/ Pengawas/ Pembantu Pengawas Peperiksaan,https://amo.uthm.edu.my/images/UPPP/Borang_Terbaru/Peraturan_Exam/1._Ringkasan_Tugas_Pengawas.pdf,,Pejabat Pengurusan Akademik UTHM,pdf
,Ruang Kuliah Gunasama Mengikut Lokasi & PTJ,"academic,admission,akademik,berhenti,certificate,class,course,examination,graduan,graduate,graduation,international,jadual,kemasukan,kuliah,kursus,lecture,muet",Ruang Kuliah Gunasama Mengikut Lokasi & PTJ Skip to main content UTAMA Home Mengenai Kami About Us Carta Organisasi dan Carta Fungsi Organizational Chart Senarai Keahlian Senat Senate Membership List Direktori Directory Fakta Dan Angka Facts and Figures Pentadbir Laman Web Web Administrator Senar...,https://amo.uthm.edu.my/index.php/pelajar/kuliah/ruang-kuliah-gunasama,,Pejabat Pengurusan Akademik UTHM,web_page
,Senarai Graduan UTHM,"academic,admission,akademik,berhenti,certificate,class,course,examination,graduan,graduate,graduation,international,jadual,kemasukan,kuliah,kursus,lecture,muet",Senarai Graduan UTHM Skip to main content UTAMA Home Mengenai Kami About Us Carta Organisasi dan Carta Fungsi Organizational Chart Senarai Keahlian Senat Senate Membership List Direktori Directory Fakta Dan Angka Facts and Figures Pentadbir Laman Web Web Administrator Senarai Pihak Berkepentingan...,https://amo.uthm.edu.my/index.php/pelajar/pengijazahan/senarai-graduan,,Pejabat Pengurusan Akademik UTHM,web_page
,Senarai Program Dan Syarat Kemasukan (Diploma & Sarjana Muda),"academic,admission,akademik,berhenti,certificate,class,course,examination,fakulti,graduan,graduate,graduation,international,jadual,kemasukan,kuliah,kursus,lecture",Senarai Program Dan Syarat Kemasukan (Diploma & Sarjana Muda) Skip to main content UTAMA Home Mengenai Kami About Us Carta Organisasi dan Carta Fungsi Organizational Chart Senarai Keahlian Senat Senate Membership List Direktori Directory Fakta Dan Angka Facts and Figures Pentadbir Laman Web Web A...,https://amo.uthm.edu.my/index.php/kemasukan/warganegara/senarai-dan-syarat-program,,Pejabat Pengurusan Akademik UTHM,web_page
,SENARAI RUANG GUNA SAMA KAMPUS INDUK,"academic,uthm",SENARAI RUANG GUNA SAMA KAMPUS INDUK,https://amo.uthm.edu.my/images/jadual_kuliah/SENARAI RUANG GUNA SAMA KAMPUS INDUK SESI 2627 1.pdf,,Pejabat Pengurusan Akademik UTHM,pdf
,SENARAI RUANG GUNA SAMA KAMPUS PAGOH,"academic,uthm",SENARAI RUANG GUNA SAMA KAMPUS PAGOH,https://amo.uthm.edu.my/images/jadual_kuliah/SENARAI RUANG GUNA SAMA KAMPUS PAGOH SESI 2627.pdf,,Pejabat Pengurusan Akademik UTHM,pdf
,SENARAI RUANG MAKMAL UNTUK PENGAJARAN DAN PEMBELAJARAN KAMPUS PAGOH,"academic,uthm",SENARAI RUANG MAKMAL UNTUK PENGAJARAN DAN PEMBELAJARAN KAMPUS PAGOH,https://amo.uthm.edu.my/images/jadual_kuliah/SENARAI RUANG MAKMAL KAMPUS PAGOH SESI 2627.pdf,,Pejabat Pengurusan Akademik UTHM,pdf
,SILA KLIK DISINI,"academic,uthm",SILA KLIK DISINI,https://amo.uthm.edu.my/images/UPPP/Borang_Terbaru/JadualExamSem%20I 20252026 Draf2 Ikut Kursus v3.pdf,,Pejabat Pengurusan Akademik UTHM,pdf
,Surat Pengesahan Pelajar,"academic,admission,akademik,berhenti,certificate,class,course,examination,graduan,graduate,graduation,international,jadual,kemasukan,kuliah,kursus,lecture,muet",Surat Pengesahan Pelajar Skip to main content UTAMA Home Mengenai Kami About Us Carta Organisasi dan Carta Fungsi Organizational Chart Senarai Keahlian Senat Senate Membership List Direktori Directory Fakta Dan Angka Facts and Figures Pentadbir Laman Web Web Administrator Senarai Pihak Berkepenti...,https://amo.uthm.edu.my/index.php/pelajar/pelajar/surat-pengesahan-pelajar,,Pejabat Pengurusan Akademik UTHM,web_page
,Surat Pengesahan Penganugerahan,"academic,admission,akademik,berhenti,certificate,class,course,examination,graduan,graduate,graduation,international,jadual,kemasukan,kuliah,kursus,lecture,muet",Surat Pengesahan Penganugerahan Skip to main content UTAMA Home Mengenai Kami About Us Carta Organisasi dan Carta Fungsi Organizational Chart Senarai Keahlian Senat Senate Membership List Direktori Directory Fakta Dan Angka Facts and Figures Pentadbir Laman Web Web Administrator Senarai Pihak Ber...,https://amo.uthm.edu.my/index.php/pelajar/pengijazahan/surat-pengesahan-penganugerahan,,Pejabat Pengurusan Akademik UTHM,web_page
,Taklimat Keselamatan,"academic,uthm",Taklimat Keselamatan,https://amo.uthm.edu.my/images/UPPP/Borang_Terbaru/Peraturan_Exam/5._Taklimat_Keselamatan.pdf,,Pejabat Pengurusan Akademik UTHM,pdf
,Tangguh Pengajian,"academic,admission,akademik,antarabangsa,berhenti,certificate,cgpa,class,course,defer,examination,faculty,fakulti,gpa,graduan,graduate,graduation,international",Tangguh Pengajian Skip to main content UTAMA Home Mengenai Kami About Us Carta Organisasi dan Carta Fungsi Organizational Chart Senarai Keahlian Senat Senate Membership List Direktori Directory Fakta Dan Angka Facts and Figures Pentadbir Laman Web Web Administrator Senarai Pihak Berkepentingan (D...,https://amo.uthm.edu.my/index.php/pelajar/pelajar/tangguh-pengajian,,Pejabat Pengurusan Akademik UTHM,web_page
,Tarik Diri Kursus,"academic,admission,akademik,berhenti,certificate,class,course,examination,faculty,fakulti,graduan,graduate,graduation,international,jadual,kemasukan,kredit,kuliah",Tarik Diri Kursus Skip to main content UTAMA Home Mengenai Kami About Us Carta Organisasi dan Carta Fungsi Organizational Chart Senarai Keahlian Senat Senate Membership List Direktori Directory Fakta Dan Angka Facts and Figures Pentadbir Laman Web Web Administrator Senarai Pihak Berkepentingan (D...,https://amo.uthm.edu.my/index.php/pelajar/pelajar/tarik-diri-kursus,,Pejabat Pengurusan Akademik UTHM,web_page
,Tarikh Penting Kemasukan Dan Proses Pendaftaran,"academic,admission,akademik,berhenti,certificate,class,course,examination,graduan,graduate,graduation,international,jadual,kemasukan,kuliah,kursus,lecture,muet",Tarikh Penting Kemasukan Dan Proses Pendaftaran Skip to main content UTAMA Home Mengenai Kami About Us Carta Organisasi dan Carta Fungsi Organizational Chart Senarai Keahlian Senat Senate Membership List Direktori Directory Fakta Dan Angka Facts and Figures Pentadbir Laman Web Web Administrator S...,https://amo.uthm.edu.my/index.php/kemasukan/warganegara/tarikh-penting-kemasukan-dan-proses-pendaftaran,,Pejabat Pengurusan Akademik UTHM,web_page
,Tatacara Pengendalian Kes Penyelewengan Akademik Pelajar,"akademik,pelajar",Tatacara Pengendalian Kes Penyelewengan Akademik Pelajar,https://amo.uthm.edu.my/images/UPPP/Borang_Terbaru/Peraturan_Exam/6._Tatacara_Pengendalain_Kes_Penyelewengan_Akademik.pdf,,Pejabat Pengurusan Akademik UTHM,pdf
,Tatatertib Peperiksaan Akhir,peperiksaan,Tatatertib Peperiksaan Akhir,https://amo.uthm.edu.my/images/UPPP/Borang_Terbaru/peperiksaan%202025/2._Tatatertib_Peperiksaan_Akhir_BM_BI_2472025.pdf,,Pejabat Pengurusan Akademik UTHM,pdf
,Transkrip Dan Sijil Akademik,"academic,akademik,certificate,graduation,sijil,transcript,transkrip","transkrip,sijil akademik,transcript,academic certificate,graduation",https://amo.uthm.edu.my/index.php/pelajar/pengijazahan/transkrip-dan-sijil-akademik,,Pejabat Pengurusan Akademik UTHM,web_page
,Academic Resources - Official Web Portal of Universiti Tun Hussein Onn Malaysia,"academic,admission,calendar,faculty,graduate,international,lecture,research,smap,student",Academic Resources - Official Web Portal of Universiti Tun Hussein Onn Malaysia Skip to main content Menu Home UTHM Main Campus UTHM Pagoh Branch Campus About OVERVIEW Background Leaders and Management Office and Centre Corporate Profile Organisation CORPORATE VIDEO MEDIA UTHM News UTHM Bulletin...,https://www.uthm.edu.my/en/student-life/useful-link/resources-for-students,,Portal Rasmi UTHM,web_page
,Centre of Excellence - Official Web Portal of Universiti Tun Hussein Onn Malaysia,"academic,admission,calendar,class,faculty,graduate,international,research,smap,student",Centre of Excellence - Official Web Portal of Universiti Tun Hussein Onn Malaysia Skip to main content Menu Home UTHM Main Campus UTHM Pagoh Branch Campus About OVERVIEW Background Leaders and Management Office and Centre Corporate Profile Organisation CORPORATE VIDEO MEDIA UTHM News UTHM Bulleti...,https://www.uthm.edu.my/en/research-innovation/uthm-r-i/centre-of-excellence,,Portal Rasmi UTHM,web_page
,Faculty and office - Official Web Portal of Universiti Tun Hussein Onn Malaysia,"academic,admission,calendar,faculty,graduate,international,research,smap,student",Faculty and office - Official Web Portal of Universiti Tun Hussein Onn Malaysia Skip to main content Menu Home UTHM Main Campus UTHM Pagoh Branch Campus About OVERVIEW Background Leaders and Management Office and Centre Corporate Profile Organisation CORPORATE VIDEO MEDIA UTHM News UTHM Bulletin...,https://www.uthm.edu.my/en/about/overview/faculty-and-office,,Portal Rasmi UTHM,web_page
,Focus Group @faculty - Official Web Portal of Universiti Tun Hussein Onn Malaysia,"academic,admission,calendar,faculty,graduate,international,research,smap,student",Focus Group @faculty - Official Web Portal of Universiti Tun Hussein Onn Malaysia Skip to main content Menu Home UTHM Main Campus UTHM Pagoh Branch Campus About OVERVIEW Background Leaders and Management Office and Centre Corporate Profile Organisation CORPORATE VIDEO MEDIA UTHM News UTHM Bulleti...,https://www.uthm.edu.my/en/research-innovation/uthm-r-i/focus-group,,Portal Rasmi UTHM,web_page
,Innovation at UTHM - Official Web Portal of Universiti Tun Hussein Onn Malaysia,"academic,admission,calendar,faculty,graduate,international,research,smap,student",Innovation at UTHM - Official Web Portal of Universiti Tun Hussein Onn Malaysia Skip to main content Menu Home UTHM Main Campus UTHM Pagoh Branch Campus About OVERVIEW Background Leaders and Management Office and Centre Corporate Profile Organisation CORPORATE VIDEO MEDIA UTHM News UTHM Bulletin...,https://www.uthm.edu.my/en/research-innovation/innovation-in-uthm,,Portal Rasmi UTHM,web_page
,INTERNATIONAL STUDENTS - Official Web Portal of Universiti Tun Hussein Onn Malaysia,"academic,admission,calendar,examination,faculty,fee,graduate,international,muet,programme,research,smap,student",INTERNATIONAL STUDENTS - Official Web Portal of Universiti Tun Hussein Onn Malaysia Skip to main content Menu Home UTHM Main Campus UTHM Pagoh Branch Campus About OVERVIEW Background Leaders and Management Office and Centre Corporate Profile Organisation CORPORATE VIDEO MEDIA UTHM News UTHM Bulle...,https://www.uthm.edu.my/en/join-us/admission/international-students,,Portal Rasmi UTHM,web_page
,Join Now - Official Web Portal of Universiti Tun Hussein Onn Malaysia,"academic,admission,calendar,faculty,graduate,international,programme,research,smap,student",Join Now - Official Web Portal of Universiti Tun Hussein Onn Malaysia Skip to main content Menu Home UTHM Main Campus UTHM Pagoh Branch Campus About OVERVIEW Background Leaders and Management Office and Centre Corporate Profile Organisation CORPORATE VIDEO MEDIA UTHM News UTHM Bulletin Annual Rep...,https://www.uthm.edu.my/en/join-us/admission,,Portal Rasmi UTHM,web_page
,Part Time Programmes - Official Web Portal of Universiti Tun Hussein Onn Malaysia,"academic,admission,calendar,credit,faculty,graduate,international,programme,research,schedule,smap,student",Part Time Programmes - Official Web Portal of Universiti Tun Hussein Onn Malaysia Skip to main content Menu Home UTHM Main Campus UTHM Pagoh Branch Campus About OVERVIEW Background Leaders and Management Office and Centre Corporate Profile Organisation CORPORATE VIDEO MEDIA UTHM News UTHM Bulleti...,https://www.uthm.edu.my/en/join-us/admission/part-time-programmes,,Portal Rasmi UTHM,web_page
,Programme Offered UTHM - Official Web Portal of Universiti Tun Hussein Onn Malaysia,"academic,admission,calendar,faculty,graduate,international,programme,research,smap,student",Programme Offered UTHM - Official Web Portal of Universiti Tun Hussein Onn Malaysia Skip to main content Menu Home UTHM Main Campus UTHM Pagoh Branch Campus About OVERVIEW Background Leaders and Management Office and Centre Corporate Profile Organisation CORPORATE VIDEO MEDIA UTHM News UTHM Bulle...,https://www.uthm.edu.my/en/join-us/admission/programmes-offered,,Portal Rasmi UTHM,web_page
,Read more,"academic,uthm",Read more,https://www.uthm.edu.my/images/uthm/joinus/Syarat_Kemasukan_Program_Sarjana_Muda_Antarabangsa_-_Website_UTHM.pdf,,Portal Rasmi UTHM,pdf
,Research - Official Web Portal of Universiti Tun Hussein Onn Malaysia,"academic,admission,calendar,faculty,graduate,international,research,smap,student",Research - Official Web Portal of Universiti Tun Hussein Onn Malaysia Skip to main content Menu Home UTHM Main Campus UTHM Pagoh Branch Campus About OVERVIEW Background Leaders and Management Office and Centre Corporate Profile Organisation CORPORATE VIDEO MEDIA UTHM News UTHM Bulletin Annual Rep...,https://www.uthm.edu.my/en/research-innovation,,Portal Rasmi UTHM,web_page
,Research - Official Web Portal of Universiti Tun Hussein Onn Malaysia,"academic,admission,calendar,faculty,graduate,international,research,smap,student",Research - Official Web Portal of Universiti Tun Hussein Onn Malaysia Skip to main content Menu Home UTHM Main Campus UTHM Pagoh Branch Campus About OVERVIEW Background Leaders and Management Office and Centre Corporate Profile Organisation CORPORATE VIDEO MEDIA UTHM News UTHM Bulletin Annual Rep...,https://www.uthm.edu.my/en/research-innovation/research-in-uthm,,Portal Rasmi UTHM,web_page
,STUDENT LIFE - Official Web Portal of Universiti Tun Hussein Onn Malaysia,"academic,admission,calendar,examination,faculty,graduate,graduation,international,kuliah,programme,registration,research,smap,student,withdrawal",STUDENT LIFE - Official Web Portal of Universiti Tun Hussein Onn Malaysia Skip to main content Menu Home UTHM Main Campus UTHM Pagoh Branch Campus About OVERVIEW Background Leaders and Management Office and Centre Corporate Profile Organisation CORPORATE VIDEO MEDIA UTHM News UTHM Bulletin Annual...,https://www.uthm.edu.my/en/student-life,,Portal Rasmi UTHM,web_page
,STUDENT LIFE - Official Web Portal of Universiti Tun Hussein Onn Malaysia,"academic,admission,calendar,examination,faculty,graduate,graduation,international,kuliah,programme,registration,research,smap,student,withdrawal",STUDENT LIFE - Official Web Portal of Universiti Tun Hussein Onn Malaysia Skip to main content Menu Home UTHM Main Campus UTHM Pagoh Branch Campus About OVERVIEW Background Leaders and Management Office and Centre Corporate Profile Organisation CORPORATE VIDEO MEDIA UTHM News UTHM Bulletin Annual...,http://www.uthm.edu.my/student-life,,Portal Rasmi UTHM,web_page
,Universiti Tun Hussein Onn Malaysia - Official Web Portal of Universiti Tun Hussein Onn Malaysia,"academic,admission,calendar,faculty,graduate,international,programme,research,smap,student",Universiti Tun Hussein Onn Malaysia - Official Web Portal of Universiti Tun Hussein Onn Malaysia Skip to main content Menu Home UTHM Main Campus UTHM Pagoh Branch Campus About OVERVIEW Background Leaders and Management Office and Centre Corporate Profile Organisation CORPORATE VIDEO MEDIA UTHM Ne...,https://www.uthm.edu.my/en/,,Portal Rasmi UTHM,web_page
,UTHM APEL - Official Web Portal of Universiti Tun Hussein Onn Malaysia,"academic,admission,calendar,faculty,graduate,international,research,smap,student",UTHM APEL - Official Web Portal of Universiti Tun Hussein Onn Malaysia Skip to main content Menu Home UTHM Main Campus UTHM Pagoh Branch Campus About OVERVIEW Background Leaders and Management Office and Centre Corporate Profile Organisation CORPORATE VIDEO MEDIA UTHM News UTHM Bulletin Annual Re...,https://www.uthm.edu.my/en/join-us/admission/apel,,Portal Rasmi UTHM,web_page
