document_id,document_name,keywords,summary,source_url,file_path
1,Academic Calendar,"academic calendar,kalendar akademik,semester date,semester start,exam week,holiday,dokumen kalendar,academic calendar document,dokumen kalendar akademik,fail kalendar akademik,beri dokumen kalendar akademik,kalendar akademik bm,kalendar akademik 2026 2027,kalendar akademik 2026/2027,sesi 2026 2027,kalendar terkini,current academic calendar","Dokumen kalendar akademik sesi 2026/2027 (Diploma & Sarjana Muda) yang mengandungi tarikh semester, minggu kuliah, cuti, minggu ulang kaji dan peperiksaan.",https://amo.uthm.edu.my/images/USRA/Borang_Terbaru/Kalendar_Akademik_2026_2027-01.jpg.pdf,documents/kalendar_akademik_2026_2027.pdf
2,Academic Regulation,"academic regulation,peraturan akademik,academic rules,course rules,add drop,dokumen peraturan,dokumen peraturan akademik,academic regulation document,academic regulations document","Dokumen peraturan akademik berkaitan pendaftaran kursus, tambah/gugur, GPA, CGPA, peperiksaan dan graduasi.",https://ppa.uthm.edu.my/index.php/informasi/peraturan-akademik,documents/peraturan_akademik_edisi_kelapan.pdf
3,Final Examination Information,"final examination,exam timetable,exam information,peperiksaan akhir,final exam,dokumen peperiksaan,jadual peperiksaan,exam document,final exam document","Maklumat peperiksaan akhir termasuk jadual peperiksaan, prosedur peperiksaan dan hebahan rasmi.",https://amo.uthm.edu.my/index.php/informasi/peperiksaan/peperiksaan-akhir,
4,Graduation Information,"graduation,convocation,graduate,konvokesyen,graduation eligibility",Maklumat graduasi dan konvokesyen untuk pelajar UTHM.,https://convocation.uthm.edu.my/ms/,
5,Tuition Fee Information,"tuition fee,fee payment,yuran,payment,fees,dokumen yuran,yuran pengajian,tuition fee document",Maklumat yuran pengajian dan kaedah bayaran pelajar.,https://io.uthm.edu.my/admission/tuition-fees,
6,PPA Contact Directory,"ppa contact,contact ppa,ppa phone,ppa email,directory,direktori ppa,dokumen contact ppa,ppa directory,contact directory",Direktori rasmi untuk maklumat hubungan Pejabat Pengurusan Akademik.,https://telefon.uthm.edu.my/index.php?menu=senaraiptj&kodkategori=22,
7,Borang Pendaftaran Kursus Course Registration Form,"Borang Pendaftaran Kursus Course Registration Form,borang pendaftaran,borang pendaftaran course course registration form,borang pendaftaran kursus,borang pendaftaran kursus course registration borang,borang pendaftaran kursus course registration form,borang pendaftaran kursus kursus registration form,course registration,course registration form,form pendaftaran kursus course registration form,kursus course,kursus course registration,pendaftaran kursus,pendaftaran kursus course,registration form,daftar kursus,daftar subjek,register subject,course registration form,borang daftar kursus",Dokumen rasmi PPA UTHM: Borang Pendaftaran Kursus Course Registration Form.,https://ppa.uthm.edu.my/images/borang/form_daftar_kursus.pdf,documents/ppa_official/09_borang_pendaftaran_kursus_course_registration_form.pdf
8,Borang Pembetulan Daftar Kursus Correction Of Course Registrations,"Borang Pembetulan Daftar Kursus Correction Of Course Registrations,borang pembetulan,borang pembetulan daftar,borang pembetulan daftar course correction of course registrations,borang pembetulan daftar kursus correction of course registrations,borang pembetulan daftar kursus correction of kursus registrations,correction course,correction course registrations,course registrations,daftar kursus,daftar kursus correction,form pembetulan daftar kursus correction of course registrations,kursus correction,kursus correction course,pembetulan daftar,pembetulan daftar kursus,tambah gugur,add drop,insert delete,pembetulan daftar kursus,borang add drop",Dokumen rasmi PPA UTHM: Borang Pembetulan Daftar Kursus Correction Of Course Registrations.,https://ppa.uthm.edu.my/images/borang/form_insert_delete.pdf,documents/ppa_official/10_borang_pembetulan_daftar_kursus_correction_of_course_registrations.pdf
9,Borang Tarik Diri Kursus Course Withdrawal (TD),"Borang Tarik Diri Kursus Course Withdrawal (TD),borang tarik,borang tarik diri,borang tarik diri course course withdrawal (td),borang tarik diri kursus course withdrawal (td),borang tarik diri kursus kursus withdrawal (td),course withdrawal,diri kursus,diri kursus course,form tarik diri kursus course withdrawal (td),kursus course,kursus course withdrawal,tarik diri,tarik diri kursus,tarik diri,withdraw course,drop course td,td form,borang td",Dokumen rasmi PPA UTHM: Borang Tarik Diri Kursus Course Withdrawal (TD).,https://ppa.uthm.edu.my/images/UPPP/Borang_Terbaru/_B10__UTHM-PPA-2007-10_-Borang_Tarik_Diri_Kursus_-_Dwi_Terkini.pdf,documents/ppa_official/07_borang_tarik_diri_kursus_course_withdrawal_td.pdf
10,Borang Tangguh Pengajian Defer Of Study Application Form,"Borang Tangguh Pengajian Defer Of Study Application Form,application form,borang tangguh,borang tangguh pengajian,borang tangguh pengajian defer of pengajian application form,borang tangguh pengajian defer of study application borang,borang tangguh pengajian defer of study application form,borang tangguh study defer of study application form,defer study,defer study application,form tangguh pengajian defer of study application form,pengajian defer,pengajian defer study,study application,study application form,tangguh pengajian,tangguh pengajian defer,tangguh pengajian,defer study,defer semester,tangguh semester",Dokumen rasmi PPA UTHM: Borang Tangguh Pengajian Defer Of Study Application Form.,https://ppa.uthm.edu.my/images/UPPP/Borang_Terbaru/peperiksaan%202026/Borang_Permohonan_Tangguh_Pengajian.pdf,documents/ppa_official/17_borang_tangguh_pengajian_defer_of_study_application_form.pdf
11,Borang Lapor Diri Pengajian Student Registration Form,"Borang Lapor Diri Pengajian Student Registration Form,borang lapor,borang lapor diri,borang lapor diri pengajian student registration borang,borang lapor diri pengajian student registration form,borang lapor diri study student registration form,diri pengajian,diri pengajian student,form lapor diri pengajian student registration form,lapor diri,lapor diri pengajian,pengajian student,pengajian student registration,registration form,student registration,student registration form,lapor diri,student registration form,report duty study",Dokumen rasmi PPA UTHM: Borang Lapor Diri Pengajian Student Registration Form.,https://ppa.uthm.edu.my/images/UPPP/Borang_Terbaru/Borang_Lapor_Diri_Pengajian_20012025.pdf,documents/ppa_official/19_borang_lapor_diri_pengajian_student_registration_form.pdf
12,Borang Berhenti Pengajian,"Borang Berhenti Pengajian,berhenti pengajian,borang berhenti,borang berhenti pengajian,borang berhenti study,form berhenti pengajian,berhenti pengajian,quit study,withdrawal from studies,stop study",Dokumen rasmi PPA UTHM: Borang Berhenti Pengajian.,https://ppa.uthm.edu.my/images/UPPP/Borang_Terbaru/BORANG_BERHENTI_PENGAJIAN_20012025.pdf,documents/ppa_official/20_borang_berhenti_pengajian.pdf
13,Senarai Pihak Berkepentingan (Dalaman),"Senarai Pihak Berkepentingan (Dalaman),berkepentingan dalaman,pihak berkepentingan,pihak berkepentingan dalaman,senarai pihak,senarai pihak berkepentingan,senarai pihak berkepentingan (dalaman)",Dokumen rasmi PPA UTHM: Senarai Pihak Berkepentingan (Dalaman).,https://ppa.uthm.edu.my/images/MUET/Muet_2025/PPA-Pihak%20Berkepentingan-Edit.pdf,documents/ppa_official/01_senarai_pihak_berkepentingan_dalaman.pdf
14,Penerima Anugerah Naib Canselor Recipients of The Vice-Chancellor’s Award,"Penerima Anugerah Naib Canselor Recipients of The Vice-Chancellor’s Award,anugerah naib,anugerah naib canselor,canselor recipients,canselor recipients the,chancellor award,naib canselor,naib canselor recipients,penerima anugerah,penerima anugerah naib,penerima anugerah naib canselor recipients of the vice-chancellor’s award,recipients the,recipients the vice,the vice,the vice chancellor,vice chancellor,vice chancellor award",Dokumen rasmi PPA UTHM: Penerima Anugerah Naib Canselor Recipients of The Vice-Chancellor’s Award.,https://ppa.uthm.edu.my/images/KONVOKESYEN/5_6091367260524387239.pdf,documents/ppa_official/02_penerima_anugerah_naib_canselor_recipients_of_the_vice_chancellor_s_award.pdf
15,Panduan Semakan Fail Pelajar Student File Review Guidelines,"Panduan Semakan Fail Pelajar Student File Review Guidelines,fail pelajar,fail pelajar student,file review,file review guidelines,panduan semakan,panduan semakan fail,panduan semakan fail pelajar student file review guidelines,pelajar student,pelajar student file,review guidelines,semakan fail,semakan fail pelajar,student file,student file review",Dokumen rasmi PPA UTHM: Panduan Semakan Fail Pelajar Student File Review Guidelines.,https://ppa.uthm.edu.my/images/UPKP/2026/PANDUAN%20SEMAKAN%20DOKUMEN%20FAIL%20PELAJAR%20DI%20DALAM%20SISTEM%20SMAP%20ONLINE%20TERKINI.pdf,documents/ppa_official/03_panduan_semakan_fail_pelajar_student_file_review_guidelines.pdf
16,Borang Pengemaskinian Maklumat Pelajar (Versi Bahasa Melayu),"Borang Pengemaskinian Maklumat Pelajar (Versi Bahasa Melayu),bahasa melayu,borang pengemaskinian,borang pengemaskinian maklumat,borang pengemaskinian maklumat pelajar (versi bahasa melayu),form pengemaskinian maklumat pelajar (versi bahasa melayu),maklumat pelajar,maklumat pelajar versi,pelajar versi,pelajar versi bahasa,pengemaskinian maklumat,pengemaskinian maklumat pelajar,versi bahasa,versi bahasa melayu",Dokumen rasmi PPA UTHM: Borang Pengemaskinian Maklumat Pelajar (Versi Bahasa Melayu).,https://ppa.uthm.edu.my/images/borang/Borang_Intake/0120232024_By_Invigilatorlamna.pdf,documents/ppa_official/04_borang_pengemaskinian_maklumat_pelajar_versi_bahasa_melayu.pdf
17,Borang Pengemaskinian Maklumat Pelajar (English Version),"Borang Pengemaskinian Maklumat Pelajar (English Version),borang pengemaskinian,borang pengemaskinian maklumat,borang pengemaskinian maklumat pelajar (english version),english version,form pengemaskinian maklumat pelajar (english version),maklumat pelajar,maklumat pelajar english,pelajar english,pelajar english version,pengemaskinian maklumat,pengemaskinian maklumat pelajar",Dokumen rasmi PPA UTHM: Borang Pengemaskinian Maklumat Pelajar (English Version).,https://ppa.uthm.edu.my/images/borang/Borang_Intake/B4_-Kemaskini_maklumat_Pelajar_BI.pdf,documents/ppa_official/05_borang_pengemaskinian_maklumat_pelajar_english_version.pdf
18,Borang Permohonan Surat Tawaran,"Borang Permohonan Surat Tawaran,borang permohonan,borang permohonan surat,borang permohonan surat tawaran,form permohonan surat tawaran,permohonan surat,permohonan surat tawaran,surat tawaran",Dokumen rasmi PPA UTHM: Borang Permohonan Surat Tawaran.,https://ppa.uthm.edu.my/images/borang/Borang_Intake/MOHON_SALINAN_SURAT_TAWARAN.pdf,documents/ppa_official/06_borang_permohonan_surat_tawaran.pdf
19,Borang Permohonan Pindah Kredit Credit Transfer Application Form,"Borang Permohonan Pindah Kredit Credit Transfer Application Form,application form,borang permohonan,borang permohonan pindah,borang permohonan pindah kredit credit transfer application borang,borang permohonan pindah kredit credit transfer application form,credit transfer,credit transfer application,form permohonan pindah kredit credit transfer application form,kredit credit,kredit credit transfer,permohonan pindah,permohonan pindah kredit,pindah kredit,pindah kredit credit,transfer application,transfer application form,pindah kredit,credit transfer,transfer credit,borang pindah credit",Dokumen rasmi PPA UTHM: Borang Permohonan Pindah Kredit Credit Transfer Application Form.,https://ppa.uthm.edu.my/images/UPPP/Borang_Terbaru/B08_Borang_Permohonan_Pindah_Kredit_2013_Pin.4_Terkini_.pdf,documents/ppa_official/08_borang_permohonan_pindah_kredit_credit_transfer_application_form.pdf
20,Borang Rayuan Penyemakan Gred Kursus Peperiksaan Akhir Application for a review of course grade,"Borang Rayuan Penyemakan Gred Kursus Peperiksaan Akhir Application for a review of course grade,akhir application,akhir application for,application for,application for review,borang rayuan,borang rayuan penyemakan,borang rayuan penyemakan gred course peperiksaan akhir application for a review of course grade,borang rayuan penyemakan gred kursus peperiksaan akhir application for a review of course grade,borang rayuan penyemakan gred kursus peperiksaan akhir application for a review of kursus grade,course grade,for review,for review course,form rayuan penyemakan gred kursus peperiksaan akhir application for a review of course grade,gred kursus,gred kursus peperiksaan,kursus peperiksaan,kursus peperiksaan akhir,penyemakan gred,penyemakan gred kursus,peperiksaan akhir,peperiksaan akhir application,rayuan penyemakan,rayuan penyemakan gred,review course,review course grade,rayuan gred,semak gred,review grade,appeal grade,grade review",Dokumen rasmi PPA UTHM: Borang Rayuan Penyemakan Gred Kursus Peperiksaan Akhir Application for a review of course grade.,https://ppa.uthm.edu.my/images/UPPP/borang/B17-01_-_Borang_Semakan_Gred_Kursus.pdf,documents/ppa_official/11_borang_rayuan_penyemakan_gred_kursus_peperiksaan_akhir_application_for_a_review_of_course_grade.pdf
21,Memo Pengesahan Tempoh Lanjutan Pengajian Pelajar (Latihan Industri),"Memo Pengesahan Tempoh Lanjutan Pengajian Pelajar (Latihan Industri),lanjutan pengajian,lanjutan pengajian pelajar,latihan industri,memo pengesahan,memo pengesahan tempoh,memo pengesahan tempoh lanjutan pengajian pelajar (latihan industri),memo pengesahan tempoh lanjutan study pelajar (latihan industri),pelajar latihan,pelajar latihan industri,pengajian pelajar,pengajian pelajar latihan,pengesahan tempoh,pengesahan tempoh lanjutan,tempoh lanjutan,tempoh lanjutan pengajian",Dokumen rasmi PPA UTHM: Memo Pengesahan Tempoh Lanjutan Pengajian Pelajar (Latihan Industri).,https://ppa.uthm.edu.my/images/UPPP/borang/UTHM-PPA-2007-20_-_Memo_pengesahan_tempoh_lanjutan_latihan_industri_-_KERTAS_HIJAU.pdf,documents/ppa_official/12_memo_pengesahan_tempoh_lanjutan_pengajian_pelajar_latihan_industri.pdf
22,Memo Pengesahan Tempoh Lanjutan Pengajian Pelajar (Kursus 6 jam kredit ke bawah),"Memo Pengesahan Tempoh Lanjutan Pengajian Pelajar (Kursus 6 jam kredit ke bawah),jam kredit,jam kredit bawah,kredit bawah,kursus jam,kursus jam kredit,lanjutan pengajian,lanjutan pengajian pelajar,memo pengesahan,memo pengesahan tempoh,memo pengesahan tempoh lanjutan pengajian pelajar (course 6 jam kredit ke bawah),memo pengesahan tempoh lanjutan pengajian pelajar (kursus 6 jam kredit ke bawah),memo pengesahan tempoh lanjutan study pelajar (kursus 6 jam kredit ke bawah),pelajar kursus,pelajar kursus jam,pengajian pelajar,pengajian pelajar kursus,pengesahan tempoh,pengesahan tempoh lanjutan,tempoh lanjutan,tempoh lanjutan pengajian",Dokumen rasmi PPA UTHM: Memo Pengesahan Tempoh Lanjutan Pengajian Pelajar (Kursus 6 jam kredit ke bawah).,https://ppa.uthm.edu.my/images/UPPP/borang/UTHM-PPA-2007-21_-_Memo_pengesahan_tempoh_lanjutan_pengajian_pelajar_-_KERTAS_BIRU.pdf,documents/ppa_official/13_memo_pengesahan_tempoh_lanjutan_pengajian_pelajar_kursus_6_jam_kredit_ke_bawah.pdf
23,Borang Aduan Kes Penyelewengan Akademik Academic Misconduct Complaint Form,"Borang Aduan Kes Penyelewengan Akademik Academic Misconduct Complaint Form,academic misconduct,academic misconduct complaint,aduan kes,aduan kes penyelewengan,akademik academic,akademik academic misconduct,borang aduan,borang aduan kes,borang aduan kes penyelewengan akademik academic misconduct complaint borang,borang aduan kes penyelewengan akademik academic misconduct complaint form,complaint form,form aduan kes penyelewengan akademik academic misconduct complaint form,kes penyelewengan,kes penyelewengan akademik,misconduct complaint,misconduct complaint form,penyelewengan akademik,penyelewengan akademik academic,aduan penyelewengan akademik,academic misconduct,misconduct complaint,kes meniru",Dokumen rasmi PPA UTHM: Borang Aduan Kes Penyelewengan Akademik Academic Misconduct Complaint Form.,https://ppa.uthm.edu.my/images/UPPP/Borang_Terbaru/peperiksaan%202025/BORANG_PENYELEWENGAN_EDIT_040725.pdf,documents/ppa_official/14_borang_aduan_kes_penyelewengan_akademik_academic_misconduct_complaint_form.pdf
24,Borang Pengecualian Kursus Application For Course Exemption,"Borang Pengecualian Kursus Application For Course Exemption,application for,application for course,borang pengecualian,borang pengecualian course application for course exemption,borang pengecualian kursus,borang pengecualian kursus application for course exemption,borang pengecualian kursus application for kursus exemption,course exemption,for course,for course exemption,form pengecualian kursus application for course exemption,kursus application,kursus application for,pengecualian kursus,pengecualian kursus application,pengecualian kursus,course exemption,exemption form",Dokumen rasmi PPA UTHM: Borang Pengecualian Kursus Application For Course Exemption.,https://ppa.uthm.edu.my/images/UPPP/Borang_Terbaru/B09_Borang_Pengecualian_Kursus_2025.pdf,documents/ppa_official/15_borang_pengecualian_kursus_application_for_course_exemption.pdf
25,Application For Early Academic Certificate & Transcript,"Application For Early Academic Certificate & Transcript,academic certificate,academic certificate transcript,application for,application for early,application for early academic certificate & transcript,application for early academic certificate & transkrip,application for early academic sijil & transcript,certificate transcript,early academic,early academic certificate,for early,for early academic,sijil awal,transkrip awal,early certificate,early transcript",Dokumen rasmi PPA UTHM: Application For Early Academic Certificate & Transcript.,https://ppa.uthm.edu.my/images/UPPP/Borang_Terbaru/Borang_Permohonan_Sijil__Transkrip_Awal.pdf,documents/ppa_official/16_application_for_early_academic_certificate_transcript.pdf
26,Borang Tangguh Pengajian (Sukan) Application Form For Defer Of Study (sport),"Borang Tangguh Pengajian (Sukan) Application Form For Defer Of Study (sport),application form,application form for,borang tangguh,borang tangguh pengajian,borang tangguh pengajian (sukan) application borang for defer of study (sport),borang tangguh pengajian (sukan) application form for defer of pengajian (sport),borang tangguh pengajian (sukan) application form for defer of study (sport),borang tangguh study (sukan) application form for defer of study (sport),defer study,defer study sport,for defer,for defer study,form for,form for defer,form tangguh pengajian (sukan) application form for defer of study (sport),pengajian sukan,pengajian sukan application,study sport,sukan application,sukan application form,tangguh pengajian,tangguh pengajian sukan,tangguh pengajian sukan,defer sport,defer study sport",Dokumen rasmi PPA UTHM: Borang Tangguh Pengajian (Sukan) Application Form For Defer Of Study (sport).,https://ppa.uthm.edu.my/images/UPPP/Borang_Terbaru/peperiksaan%202026/Borang_Permohonan_Tangguh_Pengajian_Sukan.pdf,documents/ppa_official/18_borang_tangguh_pengajian_sukan_application_form_for_defer_of_study_sport.pdf
27,Borang Permohonan Penggunaan Kenderaan,"Borang Permohonan Penggunaan Kenderaan,borang permohonan,borang permohonan penggunaan,borang permohonan penggunaan kenderaan,form permohonan penggunaan kenderaan,penggunaan kenderaan,permohonan penggunaan,permohonan penggunaan kenderaan",Dokumen rasmi PPA UTHM: Borang Permohonan Penggunaan Kenderaan.,https://ppa.uthm.edu.my/images/borang/BORANG_PERMOHONAN_PENGGUNAAN_KENDERAAN_kemaskini_20082025.docx,documents/ppa_official/21_borang_permohonan_penggunaan_kenderaan.docx
28,Borang Penghantaran Kertas Kerja Untuk Mesyuarat Senat / JPA (Pdf),"Borang Penghantaran Kertas Kerja Untuk Mesyuarat Senat / JPA (Pdf),borang penghantaran,borang penghantaran kertas,borang penghantaran kertas kerja untuk mesyuarat senat / jpa (pdf),borang penghantaran kertas kerja untuk mesyuarat senate / jpa (pdf),borang penghantaran working paper untuk mesyuarat senat / jpa (pdf),form penghantaran kertas kerja untuk mesyuarat senat / jpa (pdf),jpa pdf,kerja untuk,kerja untuk mesyuarat,kertas kerja,kertas kerja untuk,mesyuarat senat,mesyuarat senat jpa,penghantaran kertas,penghantaran kertas kerja,senat jpa,senat jpa pdf,untuk mesyuarat,untuk mesyuarat senat",Dokumen rasmi PPA UTHM: Borang Penghantaran Kertas Kerja Untuk Mesyuarat Senat / JPA (Pdf).,https://ppa.uthm.edu.my/images/USPG/Format_KK_Baru_Senat/BORANG_PENGHANTARAN_KERTAS_KERJA_TERKINI_2025_PDF.pdf,documents/ppa_official/22_borang_penghantaran_kertas_kerja_untuk_mesyuarat_senat_jpa_pdf.pdf
29,Borang Penghantaran Kertas Kerja Untuk Mesyuarat Senat / JPA (Word),"Borang Penghantaran Kertas Kerja Untuk Mesyuarat Senat / JPA (Word),borang penghantaran,borang penghantaran kertas,borang penghantaran kertas kerja untuk mesyuarat senat / jpa (word),borang penghantaran kertas kerja untuk mesyuarat senate / jpa (word),borang penghantaran working paper untuk mesyuarat senat / jpa (word),form penghantaran kertas kerja untuk mesyuarat senat / jpa (word),jpa word,kerja untuk,kerja untuk mesyuarat,kertas kerja,kertas kerja untuk,mesyuarat senat,mesyuarat senat jpa,penghantaran kertas,penghantaran kertas kerja,senat jpa,senat jpa word,untuk mesyuarat,untuk mesyuarat senat",Dokumen rasmi PPA UTHM: Borang Penghantaran Kertas Kerja Untuk Mesyuarat Senat / JPA (Word).,https://ppa.uthm.edu.my/images/USPG/Format_KK_Baru_Senat/BORANG_PENGHANTARAN_KERTAS_KERJA_TERKINI_2025_WORD.doc,documents/ppa_official/23_borang_penghantaran_kertas_kerja_untuk_mesyuarat_senat_jpa_word.doc
30,Halaman Penyedia Senat,"Halaman Penyedia Senat,halaman penyedia,halaman penyedia senat,halaman penyedia senate,penyedia senat",Dokumen rasmi PPA UTHM: Halaman Penyedia Senat.,https://ppa.uthm.edu.my/images/USPG/contoh_Halaman_Penyedia_Senat.docx,documents/ppa_official/24_halaman_penyedia_senat.docx
31,Halaman Penyedia JPA,"Halaman Penyedia JPA,halaman penyedia,halaman penyedia jpa,penyedia jpa",Dokumen rasmi PPA UTHM: Halaman Penyedia JPA.,https://ppa.uthm.edu.my/images/USPG/contoh_Halaman_Penyedia_JPA.docx,documents/ppa_official/25_halaman_penyedia_jpa.docx
32,Format CV Pelantikan Luar Senat / JPA,"Format CV Pelantikan Luar Senat / JPA,borangat cv pelantikan luar senat / jpa,format cv pelantikan luar senat / jpa,format cv pelantikan luar senate / jpa,format pelantikan,format pelantikan luar,luar senat,luar senat jpa,pelantikan luar,pelantikan luar senat,senat jpa",Dokumen rasmi PPA UTHM: Format CV Pelantikan Luar Senat / JPA.,https://ppa.uthm.edu.my/images/USPG/Format_CV_Pelantikan_Luar_Senat_1.docx,documents/ppa_official/26_format_cv_pelantikan_luar_senat_jpa.docx
33,Garis Panduan Penyediaan Kertas Kerja Senat,"Garis Panduan Penyediaan Kertas Kerja Senat,garis panduan,garis panduan penyediaan,garis panduan penyediaan kertas kerja senat,garis panduan penyediaan kertas kerja senate,garis panduan penyediaan working paper senat,kerja senat,kertas kerja,kertas kerja senat,panduan penyediaan,panduan penyediaan kertas,penyediaan kertas,penyediaan kertas kerja,panduan kertas kerja senat,garis panduan senat,senate working paper guideline",Dokumen rasmi PPA UTHM: Garis Panduan Penyediaan Kertas Kerja Senat.,https://ppa.uthm.edu.my/images/USPG/Format_KK_Baru_Senat/PANDUAN_KK_SENAT.pdf,documents/ppa_official/27_garis_panduan_penyediaan_kertas_kerja_senat.pdf
34,Format Kertas Kerja Pelantikan Luar Senat,"Format Kertas Kerja Pelantikan Luar Senat,borangat kertas kerja pelantikan luar senat,format kertas,format kertas kerja,format kertas kerja pelantikan luar senat,format kertas kerja pelantikan luar senate,format working paper pelantikan luar senat,kerja pelantikan,kerja pelantikan luar,kertas kerja,kertas kerja pelantikan,luar senat,pelantikan luar,pelantikan luar senat,format pelantikan luar senat,kertas kerja pelantikan senat,external appointment senate",Dokumen rasmi PPA UTHM: Format Kertas Kerja Pelantikan Luar Senat.,https://ppa.uthm.edu.my/images/USPG/Format_KK_Baru_JPA/FORMAT_KK_PELANTIKAN_LUAR_SENAT.pdf,documents/ppa_official/28_format_kertas_kerja_pelantikan_luar_senat.pdf
35,Format Kertas Kerja Kelulusan / Makluman Senat,"Format Kertas Kerja Kelulusan / Makluman Senat,borangat kertas kerja kelulusan / makluman senat,format kertas,format kertas kerja,format kertas kerja kelulusan / makluman senat,format kertas kerja kelulusan / makluman senate,format working paper kelulusan / makluman senat,kelulusan makluman,kelulusan makluman senat,kerja kelulusan,kerja kelulusan makluman,kertas kerja,kertas kerja kelulusan,makluman senat,format kelulusan makluman senat,kertas kerja kelulusan senat,kertas kerja makluman senat",Dokumen rasmi PPA UTHM: Format Kertas Kerja Kelulusan / Makluman Senat.,https://ppa.uthm.edu.my/images/USPG/Format_KK_Baru_Senat/LAMPIRAN_3_-_FORMAT_KK_KELULUSAN__MAKLUMAN.pdf,documents/ppa_official/29_format_kertas_kerja_kelulusan_makluman_senat.pdf
36,Templat Kertas Kerja Permohonan Program Baharu,"Templat Kertas Kerja Permohonan Program Baharu,kerja permohonan,kerja permohonan program,kertas kerja,kertas kerja permohonan,permohonan program,permohonan program baharu,program baharu,templat kertas,templat kertas kerja,templat kertas kerja permohonan program baharu,templat working paper permohonan program baharu",Dokumen rasmi PPA UTHM: Templat Kertas Kerja Permohonan Program Baharu.,https://ppa.uthm.edu.my/images/USPG/Format_KK_Baru_JPA/Template_Kertas_Kerja_Permohonan_Program_Baharu_SENAT.docx,documents/ppa_official/30_templat_kertas_kerja_permohonan_program_baharu.docx
37,Templat Kertas Kerja Penawaran Program Baharu,"Templat Kertas Kerja Penawaran Program Baharu,kerja penawaran,kerja penawaran program,kertas kerja,kertas kerja penawaran,penawaran program,penawaran program baharu,program baharu,templat kertas,templat kertas kerja,templat kertas kerja penawaran program baharu,templat working paper penawaran program baharu",Dokumen rasmi PPA UTHM: Templat Kertas Kerja Penawaran Program Baharu.,https://ppa.uthm.edu.my/images/USPG/Format_KK_Baru_JPA/Templat_Kertas_Kerja_Penawaran_Program_Baharu_SENAT_terkini.docx,documents/ppa_official/31_templat_kertas_kerja_penawaran_program_baharu.docx
38,Template Kertas Kerja Penawaran Program Baharu - 01.07.2025,"Template Kertas Kerja Penawaran Program Baharu - 01.07.2025,baharu 2025,kerja penawaran,kerja penawaran program,kertas kerja,kertas kerja penawaran,penawaran program,penawaran program baharu,program baharu,program baharu 2025,template kertas,template kertas kerja,template kertas kerja penawaran program baharu - 01.07.2025,template working paper penawaran program baharu - 01.07.2025",Dokumen rasmi PPA UTHM: Template Kertas Kerja Penawaran Program Baharu - 01.07.2025.,https://ppa.uthm.edu.my/images/USPG/Format_KK_Baru_Senat/Template_Kertas_Kerja_Penawaran_Program_Baharu_-_01.07.2025.docx,documents/ppa_official/32_template_kertas_kerja_penawaran_program_baharu_01_07_2025.docx
39,Templat Kertas Kerja Semakan Kurikulum,"Templat Kertas Kerja Semakan Kurikulum,kerja semakan,kerja semakan kurikulum,kertas kerja,kertas kerja semakan,semakan kurikulum,templat kertas,templat kertas kerja,templat kertas kerja semakan kurikulum,templat working paper semakan kurikulum",Dokumen rasmi PPA UTHM: Templat Kertas Kerja Semakan Kurikulum.,https://ppa.uthm.edu.my/images/USPG/Format_KK_Baru_JPA/Templat_Kertas_Kerja_Semakan_Kurikulum_SENAT.docx,documents/ppa_official/33_templat_kertas_kerja_semakan_kurikulum.docx
40,Garis Panduan Penyediaan Kertas Kerja JPA,"Garis Panduan Penyediaan Kertas Kerja JPA,garis panduan,garis panduan penyediaan,garis panduan penyediaan kertas kerja jpa,garis panduan penyediaan working paper jpa,kerja jpa,kertas kerja,kertas kerja jpa,panduan penyediaan,panduan penyediaan kertas,penyediaan kertas,penyediaan kertas kerja,panduan kertas kerja jpa,garis panduan jpa,jpa working paper guideline",Dokumen rasmi PPA UTHM: Garis Panduan Penyediaan Kertas Kerja JPA.,https://ppa.uthm.edu.my/images/USPG/Format_KK_Baru_JPA/PANDUAN_KK_JPA_1.pdf,documents/ppa_official/34_garis_panduan_penyediaan_kertas_kerja_jpa.pdf
41,Format Kertas Kerja Pelantikan Luar JPA,"Format Kertas Kerja Pelantikan Luar JPA,borangat kertas kerja pelantikan luar jpa,format kertas,format kertas kerja,format kertas kerja pelantikan luar jpa,format working paper pelantikan luar jpa,kerja pelantikan,kerja pelantikan luar,kertas kerja,kertas kerja pelantikan,luar jpa,pelantikan luar,pelantikan luar jpa,format pelantikan luar jpa,kertas kerja pelantikan jpa,external appointment jpa",Dokumen rasmi PPA UTHM: Format Kertas Kerja Pelantikan Luar JPA.,https://ppa.uthm.edu.my/images/USPG/Format_KK_Baru_JPA/FORMAT_KK_PELANTIKAN_LUAR_JPA.pdf,documents/ppa_official/35_format_kertas_kerja_pelantikan_luar_jpa.pdf
42,Format Kertas Kerja Kelulusan / Makluman JPA,"Format Kertas Kerja Kelulusan / Makluman JPA,borangat kertas kerja kelulusan / makluman jpa,format kertas,format kertas kerja,format kertas kerja kelulusan / makluman jpa,format working paper kelulusan / makluman jpa,kelulusan makluman,kelulusan makluman jpa,kerja kelulusan,kerja kelulusan makluman,kertas kerja,kertas kerja kelulusan,makluman jpa,format kelulusan makluman jpa,kertas kerja kelulusan jpa,kertas kerja makluman jpa",Dokumen rasmi PPA UTHM: Format Kertas Kerja Kelulusan / Makluman JPA.,https://ppa.uthm.edu.my/images/USPG/Format_KK_Baru_JPA/FORMAT_KK_KELULUSAN__MAKLUMAN_JPA.pdf,documents/ppa_official/36_format_kertas_kerja_kelulusan_makluman_jpa.pdf
43,Templat Kertas Kerja Permohonan Program Baharu,"Templat Kertas Kerja Permohonan Program Baharu,kerja permohonan,kerja permohonan program,kertas kerja,kertas kerja permohonan,permohonan program,permohonan program baharu,program baharu,templat kertas,templat kertas kerja,templat kertas kerja permohonan program baharu,templat working paper permohonan program baharu",Dokumen rasmi PPA UTHM: Templat Kertas Kerja Permohonan Program Baharu.,https://ppa.uthm.edu.my/images/USPG/Format_KK_Baru_JPA/Template_Kertas_Kerja_Permohonan_Program_Baharu_JPA.docx,documents/ppa_official/37_templat_kertas_kerja_permohonan_program_baharu.docx
44,Templat Kertas Kerja Penawaran Program Baharu,"Templat Kertas Kerja Penawaran Program Baharu,kerja penawaran,kerja penawaran program,kertas kerja,kertas kerja penawaran,penawaran program,penawaran program baharu,program baharu,templat kertas,templat kertas kerja,templat kertas kerja penawaran program baharu,templat working paper penawaran program baharu",Dokumen rasmi PPA UTHM: Templat Kertas Kerja Penawaran Program Baharu.,https://ppa.uthm.edu.my/images/USPG/Format_KK_Baru_JPA/Templat_Kertas_Kerja_Penawaran_Program_Baharu_JPA_terkini.docx,documents/ppa_official/38_templat_kertas_kerja_penawaran_program_baharu.docx
45,Templat Kertas Kerja Semakan Kurikulum,"Templat Kertas Kerja Semakan Kurikulum,kerja semakan,kerja semakan kurikulum,kertas kerja,kertas kerja semakan,semakan kurikulum,templat kertas,templat kertas kerja,templat kertas kerja semakan kurikulum,templat working paper semakan kurikulum",Dokumen rasmi PPA UTHM: Templat Kertas Kerja Semakan Kurikulum.,https://ppa.uthm.edu.my/images/USPG/Format_KK_Baru_JPA/Templat_Kertas_Kerja_Semakan_Kurikulum_JPA.docx,documents/ppa_official/39_templat_kertas_kerja_semakan_kurikulum.docx
46,Borang Wakil Ambil Sijil / Transkrip,"Borang Wakil Ambil Sijil / Transkrip,ambil sijil,ambil sijil transkrip,borang wakil,borang wakil ambil,borang wakil ambil certificate / transkrip,borang wakil ambil sijil / transcript,borang wakil ambil sijil / transkrip,form wakil ambil sijil / transkrip,sijil transkrip,wakil ambil,wakil ambil sijil,wakil ambil sijil,wakil transkrip,collect certificate representative,wakil ambil transkrip,representative collect certificate,representative collect transcript",Dokumen rasmi PPA UTHM: Borang Wakil Ambil Sijil / Transkrip.,https://ppa.uthm.edu.my/images/borang/borang_wakil_ambil_sijil_BM_BI_2020.pdf,documents/ppa_official/40_borang_wakil_ambil_sijil_transkrip.pdf
47,Borang Pengeposan Sijil / Transkrip,"Borang Pengeposan Sijil / Transkrip,borang pengeposan,borang pengeposan certificate / transkrip,borang pengeposan sijil,borang pengeposan sijil / transcript,borang pengeposan sijil / transkrip,form pengeposan sijil / transkrip,pengeposan sijil,pengeposan sijil transkrip,sijil transkrip,pos sijil,pos transkrip,post certificate,post transcript,pengeposan transkrip,mail certificate,mail transcript",Dokumen rasmi PPA UTHM: Borang Pengeposan Sijil / Transkrip.,https://ppa.uthm.edu.my/images/borang/Surat_Kebenaran_Mengepos_Sijil_Dan_Transkrip_BM_2020.pdf,documents/ppa_official/41_borang_pengeposan_sijil_transkrip.pdf
48,Garis Panduan Penasihat Akademik Dan Kerjaya (PAK),"Garis Panduan Penasihat Akademik Dan Kerjaya (PAK),akademik dan,akademik dan kerjaya,dan kerjaya,dan kerjaya pak,garis panduan,garis panduan penasihat,garis panduan penasihat akademik dan kerjaya (pak),kerjaya pak,panduan penasihat,panduan penasihat akademik,penasihat akademik,penasihat akademik dan,panduan pak,garis panduan pak,penasihat akademik kerjaya,academic career advisor guideline,pak guideline",Dokumen rasmi PPA UTHM: Garis Panduan Penasihat Akademik Dan Kerjaya (PAK).,https://ppa.uthm.edu.my/images/SPAK/GARIS%20PANDUAN%20PAK.pdf,documents/ppa_official/42_garis_panduan_penasihat_akademik_dan_kerjaya_pak.pdf
49,Borang Perakuan Berkaitan Maklumat,"Borang Perakuan Berkaitan Maklumat,berkaitan maklumat,borang perakuan,borang perakuan berkaitan,borang perakuan berkaitan maklumat,form perakuan berkaitan maklumat,perakuan berkaitan,perakuan berkaitan maklumat,borang perakuan maklumat,information declaration form",Dokumen rasmi PPA UTHM: Borang Perakuan Berkaitan Maklumat.,https://ppa.uthm.edu.my/images/Data%20Akademik/BORANG%20PERAKUAN%20BERKAITAN%20MAKLUMAT%202.pdf,documents/ppa_official/43_borang_perakuan_berkaitan_maklumat.pdf
50,Academic Calendar 2025/2026 (English),"academic calendar 2025 2026 english,kalendar akademik 2025 2026 english,sesi lepas english,previous session calendar english,arkib kalendar english",English version of the previous 2025/2026 Academic Calendar for diploma and bachelor programmes.,https://amo.uthm.edu.my/images/USPG/Kalendar_Akaademik_2025/Kalendar_Akademik_BI-02.pdf,documents/academic_calendar_2025_2026_en.pdf
51,Tuition Fee Structure FTK,"yuran FTK,yuran pengajian FTK,dokumen yuran FTK,fee FTK,tuition fee FTK,FTK fee structure,fee structure FTK,borang yuran FTK,fail yuran FTK,document fee FTK,BNA,BNB,BNC,BND,BNE,BNF,BNG,BNM,BNN,BNS,BNT,BNX","Dokumen yuran pengajian antarabangsa sesi 2025/2026 untuk FTK, termasuk jumlah yuran setiap program.",,documents/tuition_fees/FTK.pdf
52,Tuition Fee Structure FAST,"yuran FAST,yuran pengajian FAST,dokumen yuran FAST,fee FAST,tuition fee FAST,FAST fee structure,fee structure FAST,borang yuran FAST,fail yuran FAST,document fee FAST,BWA,BWC,BWD,BWK,BWQ,BWS,BWW","Dokumen yuran pengajian antarabangsa sesi 2025/2026 untuk FAST, termasuk jumlah yuran setiap program.",,documents/tuition_fees/FAST.pdf
53,Tuition Fee Structure FSKTM,"yuran FSKTM,yuran pengajian FSKTM,dokumen yuran FSKTM,fee FSKTM,tuition fee FSKTM,FSKTM fee structure,fee structure FSKTM,borang yuran FSKTM,fail yuran FSKTM,document fee FSKTM,BIM,BIP,BIS,BIT,BIW","Dokumen yuran pengajian antarabangsa sesi 2025/2026 untuk FSKTM, termasuk jumlah yuran setiap program.",,documents/tuition_fees/FSKTM.pdf
54,Tuition Fee Structure FPTV,"yuran FPTV,yuran pengajian FPTV,dokumen yuran FPTV,fee FPTV,tuition fee FPTV,FPTV fee structure,fee structure FPTV,borang yuran FPTV,fail yuran FPTV,document fee FPTV,BBA,BBB,BBC,BBD,BBE,BBF,BBG,BBJ,BBN,BBO,BBQ,BBS,BBX,BBY,BBZ","Dokumen yuran pengajian antarabangsa sesi 2025/2026 untuk FPTV, termasuk jumlah yuran setiap program.",,documents/tuition_fees/FPTV.pdf
55,Tuition Fee Structure FPTP,"yuran FPTP,yuran pengajian FPTP,dokumen yuran FPTP,fee FPTP,tuition fee FPTP,FPTP fee structure,fee structure FPTP,borang yuran FPTP,fail yuran FPTP,document fee FPTP,BPA,BPB,BPC,BPD,BPP","Dokumen yuran pengajian antarabangsa sesi 2025/2026 untuk FPTP, termasuk jumlah yuran setiap program.",,documents/tuition_fees/FPTP.pdf
56,Tuition Fee Structure FKMP,"yuran FKMP,yuran pengajian FKMP,dokumen yuran FKMP,fee FKMP,tuition fee FKMP,FKMP fee structure,fee structure FKMP,borang yuran FKMP,fail yuran FKMP,document fee FKMP,BDC,BDD,BDG,BDJ,BDM,BDX","Dokumen yuran pengajian antarabangsa sesi 2025/2026 untuk FKMP, termasuk jumlah yuran setiap program.",,documents/tuition_fees/FKMP.pdf
57,Tuition Fee Structure FKEE,"yuran FKEE,yuran pengajian FKEE,dokumen yuran FKEE,fee FKEE,tuition fee FKEE,FKEE fee structure,fee structure FKEE,borang yuran FKEE,fail yuran FKEE,document fee FKEE,BEJ,BEV","Dokumen yuran pengajian antarabangsa sesi 2025/2026 untuk FKEE, termasuk jumlah yuran setiap program.",,documents/tuition_fees/FKEE.pdf
58,Tuition Fee Structure FKAAB,"yuran FKAAB,yuran pengajian FKAAB,dokumen yuran FKAAB,fee FKAAB,tuition fee FKAAB,FKAAB fee structure,fee structure FKAAB,borang yuran FKAAB,fail yuran FKAAB,document fee FKAAB,BFF,BFR","Dokumen yuran pengajian antarabangsa sesi 2025/2026 untuk FKAAB, termasuk jumlah yuran setiap program.",,documents/tuition_fees/FKAAB.pdf
59,Academic Calendar 2025/2026 (BM),"kalendar akademik 2025 2026,academic calendar 2025 2026,sesi lepas,previous academic calendar,arkib kalendar akademik,kalendar 2025 2026 bm",Dokumen kalendar akademik sesi 2025/2026 (versi Bahasa Melayu) yang disimpan sebagai arkib sesi lepas.,https://amo.uthm.edu.my/images/USPG/Kalendar_Akaademik_2025/Kalendar_Akademik_BM-01.pdf,documents/kalendar_akademik_2025_2026_bm.pdf
60,Takwim Mesyuarat Senat 2026,"takwim senat,takwim mesyuarat senat,senate meeting calendar 2026,takwim mesyuarat senat 2026,jadual mesyuarat senat",Takwim rasmi mesyuarat Senat UTHM tahun 2026 termasuk tarikh mesyuarat dan tarikh akhir kertas kerja.,https://amo.uthm.edu.my/images/USPG/TAKWIM/TAKWIM_MESYUARAT_SENAT_TAHUN_2026_1.pdf,documents/takwim_mesyuarat_senat_2026.pdf
61,Takwim Mesyuarat JPA 2026,"takwim jpa,takwim mesyuarat jpa,jpa meeting calendar 2026,takwim mesyuarat jpa 2026,jawatankuasa pengajian akademik",Takwim rasmi mesyuarat Jawatankuasa Pengajian Akademik (JPA) tahun 2026.,https://amo.uthm.edu.my/images/USPG/TAKWIM/TAKWIM_MESYUARAT_JPA_TAHUN_2026_1.pdf,documents/takwim_mesyuarat_jpa_2026.pdf
62,Jadual Kerja Pelajar Semester I 2026/2027,"jadual kerja pelajar,jadual kerja semester 1,jadual kerja sem i,student work schedule 2026 2027,jadual kerja 2026 2027,rasmi jadual kerja sem i",Jadual kerja rasmi pelajar bagi Semester I sesi akademik 2026/2027.,https://amo.uthm.edu.my/images/UPPP/Borang_Terbaru/Peperiksaan%202026/Rasmi_Pelajar_Jadual_Kerja_Sem._I_Sesi_20262027.pdf,documents/jadual_kerja_pelajar_sem_i_2026_2027.pdf
63,Jadual Kerja Pelajar Semester Khas 2026/2027,"jadual kerja semester khas,jadual kerja sem khas,special semester work schedule,jadual kerja pelajar baharu,semester khas 2026 2027",Jadual kerja rasmi pelajar bagi Semester Khas sesi akademik 2026/2027.,https://amo.uthm.edu.my/images/UPPP/Borang_Terbaru/Peperiksaan%202026/Pelajar_Rasmi_Jadual_Kerja_Sem_Khas_Sesi_2026_2027.pdf,documents/jadual_kerja_pelajar_sem_khas_2026_2027.pdf
64,Manual Pendaftaran Kursus SMAP AUTOREG,"manual smap,manual pendaftaran kursus,smap autoreg,course registration manual,manual daftar kursus smap,smap course registration",Manual rasmi pendaftaran kursus SMAP AUTOREG untuk pelajar UTHM.,https://ppa.uthm.edu.my/images/UPPP/Borang_Terbaru/Peperiksaan%202026/Manual%20SMAP%20Course%20Reg%20AUTOREG.pdf,documents/ppa_official/manual_smap_course_reg_autoreg.pdf
65,Yuran Pengajian 2026/2027 Sarjana Muda FKAAB,"yuran 2026 2027,yuran pengajian,sarjana muda,bachelor,fkaab,kejuruteraan awam,alam bina,tempatan,antarabangsa",Kadar yuran rasmi Semester I 2026/2027 untuk program Sarjana Muda FKAAB termasuk pelajar tempatan dan antarabangsa.,https://bendahari.uthm.edu.my/images/PDFPB/YURAN%20PENGAJIAN/20262027/SARJANA%20MUDA/FAKULTI%20KEJURUTERAAN%20AWAM%20DAN%20ALAM%20BINA%20FKAAB.pdf,documents/tuition_fees_2026_2027/01_bachelor_fkaab.pdf
66,Yuran Pengajian 2026/2027 Sarjana Muda FKEE,"yuran 2026 2027,yuran pengajian,sarjana muda,bachelor,fkee,kejuruteraan elektrik,elektronik,tempatan,antarabangsa",Kadar yuran rasmi Semester I 2026/2027 untuk program Sarjana Muda FKEE termasuk pelajar tempatan dan antarabangsa.,https://bendahari.uthm.edu.my/images/PDFPB/YURAN%20PENGAJIAN/20262027/SARJANA%20MUDA/FAKULTI%20KEJURUTERAAN%20ELEKTRIK%20DAN%20ELEKTRONIK%20FKEE.pdf,documents/tuition_fees_2026_2027/02_bachelor_fkee.pdf
67,Yuran Pengajian 2026/2027 Sarjana Muda FKMP,"yuran 2026 2027,yuran pengajian,sarjana muda,bachelor,fkmp,kejuruteraan mekanikal,pembuatan,tempatan,antarabangsa",Kadar yuran rasmi Semester I 2026/2027 untuk program Sarjana Muda FKMP termasuk pelajar tempatan dan antarabangsa.,https://bendahari.uthm.edu.my/images/PDFPB/YURAN%20PENGAJIAN/20262027/SARJANA%20MUDA/FAKULTI%20KEJURUTERAAN%20MEKANIKAL%20DAN%20PEMBUATAN%20FKMP.pdf,documents/tuition_fees_2026_2027/03_bachelor_fkmp.pdf
68,Yuran Pengajian 2026/2027 Sarjana Muda FPTP,"yuran 2026 2027,yuran pengajian,sarjana muda,bachelor,fptp,pengurusan teknologi,perniagaan,tempatan,antarabangsa",Kadar yuran rasmi Semester I 2026/2027 untuk program Sarjana Muda FPTP termasuk pelajar tempatan dan antarabangsa.,https://bendahari.uthm.edu.my/images/PDFPB/YURAN%20PENGAJIAN/20262027/SARJANA%20MUDA/FAKULTI%20PENGURUSAN%20TEKNOLOGI%20DAN%20PERNIAGAAN%20FPTP.pdf,documents/tuition_fees_2026_2027/04_bachelor_fptp.pdf
69,Yuran Pengajian 2026/2027 Sarjana Muda FPTV,"yuran 2026 2027,yuran pengajian,sarjana muda,bachelor,fptv,pendidikan teknikal,vokasional,tempatan,antarabangsa",Kadar yuran rasmi Semester I 2026/2027 untuk program Sarjana Muda FPTV termasuk pelajar tempatan dan antarabangsa.,https://bendahari.uthm.edu.my/images/PDFPB/YURAN%20PENGAJIAN/20262027/SARJANA%20MUDA/FAKULTI%20PENDIDIKAN%20TEKNIKAL%20DAN%20VOKASIONAL%20FPTV.pdf,documents/tuition_fees_2026_2027/05_bachelor_fptv.pdf
70,Yuran Pengajian 2026/2027 Sarjana Muda FSKTM,"yuran 2026 2027,yuran pengajian,sarjana muda,bachelor,fsktm,sains komputer,teknologi maklumat,tempatan,antarabangsa",Kadar yuran rasmi Semester I 2026/2027 untuk program Sarjana Muda FSKTM termasuk pelajar tempatan dan antarabangsa.,https://bendahari.uthm.edu.my/images/PDFPB/YURAN%20PENGAJIAN/20262027/SARJANA%20MUDA/FAKULTI%20SAINS%20KOMPUTER%20DAN%20TEKNOLOGI%20MAKLUMAT%20FSKTM.pdf,documents/tuition_fees_2026_2027/06_bachelor_fsktm.pdf
71,Yuran Pengajian 2026/2027 Sarjana Muda FTK,"yuran 2026 2027,yuran pengajian,sarjana muda,bachelor,ftk,teknologi kejuruteraan,tempatan,antarabangsa",Kadar yuran rasmi Semester I 2026/2027 untuk program Sarjana Muda FTK termasuk pelajar tempatan dan antarabangsa.,https://bendahari.uthm.edu.my/images/PDFPB/YURAN%20PENGAJIAN/20262027/SARJANA%20MUDA/FAKULTI%20TEKNOLOGI%20KEJURUTERAAN%20FTK.pdf,documents/tuition_fees_2026_2027/07_bachelor_ftk.pdf
72,Yuran Pengajian 2026/2027 Sarjana Muda FAST,"yuran 2026 2027,yuran pengajian,sarjana muda,bachelor,fast,sains gunaan,teknologi,tempatan,antarabangsa",Kadar yuran rasmi Semester I 2026/2027 untuk program Sarjana Muda FAST termasuk pelajar tempatan dan antarabangsa.,https://bendahari.uthm.edu.my/images/PDFPB/YURAN%20PENGAJIAN/20262027/SARJANA%20MUDA/FAKULTI%20SAINS%20GUNAAN%20DAN%20TEKNOLOGI%20FAST.pdf,documents/tuition_fees_2026_2027/08_bachelor_fast.pdf
73,Yuran Pengajian 2026/2027 Sarjana Kerja Kursus Sepenuh Masa,"yuran 2026 2027,yuran pengajian,sarjana,master,kerja kursus,sepenuh masa,tempatan,antarabangsa",Kadar yuran rasmi 2026/2027 untuk Sarjana kerja kursus sepenuh masa bagi pelajar tempatan dan antarabangsa.,https://bendahari.uthm.edu.my/images/PDFPB/YURAN%20PENGAJIAN/20262027/SARJANA/Program%20Kerja%20Kursus%20Sepenuh%20Masa.pdf,documents/tuition_fees_2026_2027/09_master_coursework_full_time.pdf
74,Yuran Pengajian 2026/2027 Sarjana Mod Campuran Sepenuh Masa,"yuran 2026 2027,yuran pengajian,sarjana,master,mod campuran,sepenuh masa,tempatan,antarabangsa",Kadar yuran rasmi 2026/2027 untuk Sarjana mod campuran sepenuh masa bagi pelajar tempatan dan antarabangsa.,https://bendahari.uthm.edu.my/images/PDFPB/YURAN%20PENGAJIAN/20262027/SARJANA/Program%20Mod%20Campuran%20Sepenuh%20Masa.pdf,documents/tuition_fees_2026_2027/10_master_mixed_mode_full_time.pdf
75,Yuran Pengajian 2026/2027 Sarjana Separuh Masa UTHM SWIFT,"yuran 2026 2027,yuran pengajian,sarjana,master,kerja kursus,mod campuran,separuh masa,swift,tempatan,antarabangsa",Kadar yuran rasmi 2026/2027 untuk Sarjana kerja kursus dan mod campuran separuh masa UTHM SWIFT bagi pelajar tempatan dan antarabangsa.,https://bendahari.uthm.edu.my/images/PDFPB/YURAN%20PENGAJIAN/20262027/SARJANA/Program%20Kerja%20Kursus%20%20Mod%20Campuran%20Separuh%20Masa%20-%20UET.pdf,documents/tuition_fees_2026_2027/11_master_coursework_mixed_part_time.pdf
76,Yuran Pengajian 2026/2027 Sarjana Penyelidikan,"yuran 2026 2027,yuran pengajian,sarjana,master,penyelidikan,research,sepenuh masa,separuh masa,tempatan,antarabangsa",Kadar yuran rasmi 2026/2027 untuk Sarjana penyelidikan sepenuh masa dan separuh masa bagi pelajar tempatan dan antarabangsa.,https://bendahari.uthm.edu.my/images/PDFPB/YURAN%20PENGAJIAN/20262027/SARJANA/Program%20Penyelidikan%20Sepenuh%20Masa%20%20Separuh%20Masa.pdf,documents/tuition_fees_2026_2027/12_master_research.pdf
77,Yuran Pengajian 2026/2027 Sarjana MDL,"yuran 2026 2027,yuran pengajian,sarjana,master,mdl,sains kejuruteraan tenaga lestari,tempatan,antarabangsa",Kadar yuran rasmi 2026/2027 untuk Sarjana Sains Kejuruteraan Tenaga Lestari MDL bagi pelajar tempatan dan antarabangsa.,https://bendahari.uthm.edu.my/images/PDFPB/YURAN%20PENGAJIAN/20262027/SARJANA/Program%20Sains%20Kejuruteraan%20Tenaga%20Lestari%20MDL%20-%20FKMP.pdf,documents/tuition_fees_2026_2027/13_master_mdl_sustainable_energy.pdf
78,Yuran Pengajian 2026/2027 Sarjana MET,"yuran 2026 2027,yuran pengajian,sarjana,master,met,internet of things,objek rangkaian,tempatan,antarabangsa",Kadar yuran rasmi 2026/2027 untuk Sarjana Sains Objek Rangkaian Internet MET bagi pelajar tempatan dan antarabangsa.,https://bendahari.uthm.edu.my/images/PDFPB/YURAN%20PENGAJIAN/20262027/SARJANA/Program%20Sains%20Objek%20Rangkaian%20Internet%20MET%20-%20FKEE.pdf,documents/tuition_fees_2026_2027/14_master_met_internet_of_things.pdf
79,Yuran Pengajian 2026/2027 Sarjana MPE,"yuran 2026 2027,yuran pengajian,sarjana,master,mpe,sains pengurusan industri,tempatan,antarabangsa",Kadar yuran rasmi 2026/2027 untuk Sarjana Sains Pengurusan Industri MPE bagi pelajar tempatan dan antarabangsa.,https://bendahari.uthm.edu.my/images/PDFPB/YURAN%20PENGAJIAN/20262027/SARJANA/Program%20Sains%20Pengurusan%20Industri%20MPE%20-%20FPTP.pdf,documents/tuition_fees_2026_2027/15_master_mpe_industrial_management.pdf
80,Yuran Pengajian 2026/2027 Sarjana MJA,"yuran 2026 2027,yuran pengajian,sarjana,master,mja,pentadbiran perniagaan,tempatan,antarabangsa",Kadar yuran rasmi 2026/2027 untuk Sarjana Pentadbiran Perniagaan MJA bagi pelajar tempatan dan antarabangsa.,https://bendahari.uthm.edu.my/images/PDFPB/YURAN%20PENGAJIAN/20262027/SARJANA/Program%20Pentadbiran%20Perniagaan%20MJA%20-%20JBS.pdf,documents/tuition_fees_2026_2027/16_master_mja_business_administration.pdf
81,Yuran Pengajian 2026/2027 Sarjana MBA ODL,"yuran 2026 2027,yuran pengajian,sarjana,master,mba,odl,pentadbiran perniagaan,tempatan,antarabangsa",Kadar yuran rasmi 2026/2027 untuk Sarjana Pentadbiran Perniagaan MBA ODL bagi pelajar tempatan dan antarabangsa.,https://bendahari.uthm.edu.my/images/PDFPB/YURAN%20PENGAJIAN/20262027/SARJANA/Program%20Pentadbiran%20Perniagaan%20MBA%20ODL%20-%20JBS.pdf,documents/tuition_fees_2026_2027/17_master_mba_odl.pdf
82,Yuran Pengajian 2026/2027 Sarjana MBV,"yuran 2026 2027,yuran pengajian,sarjana,master,mbv,pendidikan teknikal,vokasional,tempatan,antarabangsa",Kadar yuran rasmi 2026/2027 untuk Sarjana Pendidikan Teknikal dan Vokasional MBV bagi pelajar tempatan dan antarabangsa.,https://bendahari.uthm.edu.my/images/PDFPB/YURAN%20PENGAJIAN/20262027/SARJANA/Program%20Pendidikan%20Teknikal%20%20Vokasional%20%20MBV%20-%20BITARA.pdf,documents/tuition_fees_2026_2027/18_master_mbv_technical_vocational_education.pdf
83,Yuran Pengajian 2026/2027 Sarjana CIE dan CII,"yuran 2026 2027,yuran pengajian,sarjana,master,cie,cii,sains komputer,tempatan,antarabangsa",Kadar yuran rasmi 2026/2027 untuk Sarjana Sains Komputer CIE dan CII bagi pelajar tempatan dan antarabangsa.,https://bendahari.uthm.edu.my/images/PDFPB/YURAN%20PENGAJIAN/20262027/SARJANA/Program%20Sains%20Komputer%20CIE%20%20CII%20-%20FSKTM.pdf,documents/tuition_fees_2026_2027/19_master_cie_cii_computer_science.pdf
84,Yuran Pengajian 2026/2027 Sarjana MIC,"yuran 2026 2027,yuran pengajian,sarjana,master,mic,teknologi maklumat,tempatan,antarabangsa",Kadar yuran rasmi 2026/2027 untuk Sarjana Teknologi Maklumat MIC bagi pelajar tempatan dan antarabangsa.,https://bendahari.uthm.edu.my/images/PDFPB/YURAN%20PENGAJIAN/20262027/SARJANA/Program%20Teknologi%20Maklumat%20MIC%20-%20FSKTM.pdf,documents/tuition_fees_2026_2027/20_master_mic_information_technology.pdf
85,Yuran Pengajian 2026/2027 PhD Penyelidikan,"yuran 2026 2027,yuran pengajian,phd,doktor falsafah,penyelidikan,research,tempatan,antarabangsa",Kadar yuran rasmi 2026/2027 untuk PhD penyelidikan bagi pelajar tempatan dan antarabangsa.,https://bendahari.uthm.edu.my/images/PDFPB/YURAN%20PENGAJIAN/20262027/PHD/PhD%20Program%20Doktor%20Penyelidikan.pdf,documents/tuition_fees_2026_2027/21_phd_research.pdf
86,Yuran Pengajian 2026/2027 Doktor Pendidikan PBD,"yuran 2026 2027,yuran pengajian,phd,doktor pendidikan,pbd,edd,tempatan,antarabangsa",Kadar yuran rasmi 2026/2027 untuk Doktor Pendidikan PBD bagi pelajar tempatan dan antarabangsa.,https://bendahari.uthm.edu.my/images/PDFPB/YURAN%20PENGAJIAN/20262027/PHD/PhD%20Program%20Doktor%20Pendidikan%20PBD%20EDD.pdf,documents/tuition_fees_2026_2027/22_phd_education_pbd.pdf
87,Yuran Pengajian 2026/2027 Doktor Pentadbiran Perniagaan PJA,"yuran 2026 2027,yuran pengajian,phd,doktor pentadbiran perniagaan,pja,tempatan,antarabangsa",Kadar yuran rasmi 2026/2027 untuk Doktor Pentadbiran Perniagaan PJA bagi pelajar tempatan dan antarabangsa.,https://bendahari.uthm.edu.my/images/PDFPB/YURAN%20PENGAJIAN/20262027/PHD/PhD%20Program%20Doktor%20Pentadbiran%20Perniagaan%20PJA.pdf,documents/tuition_fees_2026_2027/23_phd_business_administration_pja.pdf
88,Yuran Pengajian 2026/2027 Doktor Falsafah Perniagaan PJB,"yuran 2026 2027,yuran pengajian,phd,doktor falsafah perniagaan,pjb,tempatan,antarabangsa",Kadar yuran rasmi 2026/2027 untuk Doktor Falsafah Perniagaan PJB bagi pelajar tempatan dan antarabangsa.,https://bendahari.uthm.edu.my/images/PDFPB/YURAN%20PENGAJIAN/20262027/PHD/PhD%20Program%20Doktor%20Falsafah%20Perniagaan%20PJB.pdf,documents/tuition_fees_2026_2027/24_phd_business_pjb.pdf
89,Yuran Pengajian 2026/2027 Diploma Semester Khas,"yuran 2026 2027,yuran pengajian,diploma,semester khas,tempatan,antarabangsa",Kadar yuran rasmi Semester Khas 2026/2027 untuk program Diploma bagi pelajar tempatan dan antarabangsa.,https://bendahari.uthm.edu.my/images/PDFPB/YURAN%20PENGAJIAN/Yuran%20Diploma%20Sem%20Khas%202026-2027.pdf,documents/tuition_fees_2026_2027/25_diploma_special_semester.pdf
