document_name,keywords,summary,source_url,file_path,status,size
Senarai Pihak Berkepentingan (Dalaman),"Senarai Pihak Berkepentingan (Dalaman),berkepentingan dalaman,pihak berkepentingan,pihak berkepentingan dalaman,senarai pihak,senarai pihak berkepentingan,senarai pihak berkepentingan (dalaman)",Dokumen rasmi PPA UTHM: Senarai Pihak Berkepentingan (Dalaman).,https://ppa.uthm.edu.my/images/MUET/Muet_2025/PPA-Pihak%20Berkepentingan-Edit.pdf,documents/ppa_official/01_senarai_pihak_berkepentingan_dalaman.pdf,downloaded,128337
Penerima Anugerah Naib Canselor Recipients of The Vice-Chancellor’s Award,"Penerima Anugerah Naib Canselor Recipients of The Vice-Chancellor’s Award,anugerah naib,anugerah naib canselor,canselor recipients,canselor recipients the,chancellor award,naib canselor,naib canselor recipients,penerima anugerah,penerima anugerah naib,penerima anugerah naib canselor recipients of the vice-chancellor’s award,recipients the,recipients the vice,the vice,the vice chancellor,vice chancellor,vice chancellor award",Dokumen rasmi PPA UTHM: Penerima Anugerah Naib Canselor Recipients of The Vice-Chancellor’s Award.,https://ppa.uthm.edu.my/images/KONVOKESYEN/5_6091367260524387239.pdf,documents/ppa_official/02_penerima_anugerah_naib_canselor_recipients_of_the_vice_chancellor_s_award.pdf,downloaded,359386
Panduan Semakan Fail Pelajar Student File Review Guidelines,"Panduan Semakan Fail Pelajar Student File Review Guidelines,fail pelajar,fail pelajar student,file review,file review guidelines,panduan semakan,panduan semakan fail,panduan semakan fail pelajar student file review guidelines,pelajar student,pelajar student file,review guidelines,semakan fail,semakan fail pelajar,student file,student file review",Dokumen rasmi PPA UTHM: Panduan Semakan Fail Pelajar Student File Review Guidelines.,https://ppa.uthm.edu.my/images/UPKP/2026/PANDUAN%20SEMAKAN%20DOKUMEN%20FAIL%20PELAJAR%20DI%20DALAM%20SISTEM%20SMAP%20ONLINE%20TERKINI.pdf,documents/ppa_official/03_panduan_semakan_fail_pelajar_student_file_review_guidelines.pdf,downloaded,312612
Borang Pengemaskinian Maklumat Pelajar (Versi Bahasa Melayu),"Borang Pengemaskinian Maklumat Pelajar (Versi Bahasa Melayu),bahasa melayu,borang pengemaskinian,borang pengemaskinian maklumat,borang pengemaskinian maklumat pelajar (versi bahasa melayu),form pengemaskinian maklumat pelajar (versi bahasa melayu),maklumat pelajar,maklumat pelajar versi,pelajar versi,pelajar versi bahasa,pengemaskinian maklumat,pengemaskinian maklumat pelajar,versi bahasa,versi bahasa melayu",Dokumen rasmi PPA UTHM: Borang Pengemaskinian Maklumat Pelajar (Versi Bahasa Melayu).,https://ppa.uthm.edu.my/images/borang/Borang_Intake/0120232024_By_Invigilatorlamna.pdf,documents/ppa_official/04_borang_pengemaskinian_maklumat_pelajar_versi_bahasa_melayu.pdf,downloaded,56403
Borang Pengemaskinian Maklumat Pelajar (English Version),"Borang Pengemaskinian Maklumat Pelajar (English Version),borang pengemaskinian,borang pengemaskinian maklumat,borang pengemaskinian maklumat pelajar (english version),english version,form pengemaskinian maklumat pelajar (english version),maklumat pelajar,maklumat pelajar english,pelajar english,pelajar english version,pengemaskinian maklumat,pengemaskinian maklumat pelajar",Dokumen rasmi PPA UTHM: Borang Pengemaskinian Maklumat Pelajar (English Version).,https://ppa.uthm.edu.my/images/borang/Borang_Intake/B4_-Kemaskini_maklumat_Pelajar_BI.pdf,documents/ppa_official/05_borang_pengemaskinian_maklumat_pelajar_english_version.pdf,downloaded,57402
Borang Permohonan Surat Tawaran,"Borang Permohonan Surat Tawaran,borang permohonan,borang permohonan surat,borang permohonan surat tawaran,form permohonan surat tawaran,permohonan surat,permohonan surat tawaran,surat tawaran",Dokumen rasmi PPA UTHM: Borang Permohonan Surat Tawaran.,https://ppa.uthm.edu.my/images/borang/Borang_Intake/MOHON_SALINAN_SURAT_TAWARAN.pdf,documents/ppa_official/06_borang_permohonan_surat_tawaran.pdf,downloaded,36016
Borang Tarik Diri Kursus Course Withdrawal (TD),"Borang Tarik Diri Kursus Course Withdrawal (TD),borang tarik,borang tarik diri,borang tarik diri course course withdrawal (td),borang tarik diri kursus course withdrawal (td),borang tarik diri kursus kursus withdrawal (td),course withdrawal,diri kursus,diri kursus course,form tarik diri kursus course withdrawal (td),kursus course,kursus course withdrawal,tarik diri,tarik diri kursus",Dokumen rasmi PPA UTHM: Borang Tarik Diri Kursus Course Withdrawal (TD).,https://ppa.uthm.edu.my/images/UPPP/Borang_Terbaru/_B10__UTHM-PPA-2007-10_-Borang_Tarik_Diri_Kursus_-_Dwi_Terkini.pdf,documents/ppa_official/07_borang_tarik_diri_kursus_course_withdrawal_td.pdf,downloaded,65787
Borang Permohonan Pindah Kredit Credit Transfer Application Form,"Borang Permohonan Pindah Kredit Credit Transfer Application Form,application form,borang permohonan,borang permohonan pindah,borang permohonan pindah kredit credit transfer application borang,borang permohonan pindah kredit credit transfer application form,credit transfer,credit transfer application,form permohonan pindah kredit credit transfer application form,kredit credit,kredit credit transfer,permohonan pindah,permohonan pindah kredit,pindah kredit,pindah kredit credit,transfer application,transfer application form",Dokumen rasmi PPA UTHM: Borang Permohonan Pindah Kredit Credit Transfer Application Form.,https://ppa.uthm.edu.my/images/UPPP/Borang_Terbaru/B08_Borang_Permohonan_Pindah_Kredit_2013_Pin.4_Terkini_.pdf,documents/ppa_official/08_borang_permohonan_pindah_kredit_credit_transfer_application_form.pdf,downloaded,177087
Borang Pendaftaran Kursus Course Registration Form,"Borang Pendaftaran Kursus Course Registration Form,borang pendaftaran,borang pendaftaran course course registration form,borang pendaftaran kursus,borang pendaftaran kursus course registration borang,borang pendaftaran kursus course registration form,borang pendaftaran kursus kursus registration form,course registration,course registration form,form pendaftaran kursus course registration form,kursus course,kursus course registration,pendaftaran kursus,pendaftaran kursus course,registration form",Dokumen rasmi PPA UTHM: Borang Pendaftaran Kursus Course Registration Form.,https://ppa.uthm.edu.my/images/borang/form_daftar_kursus.pdf,documents/ppa_official/09_borang_pendaftaran_kursus_course_registration_form.pdf,downloaded,265905
Borang Pembetulan Daftar Kursus Correction Of Course Registrations,"Borang Pembetulan Daftar Kursus Correction Of Course Registrations,borang pembetulan,borang pembetulan daftar,borang pembetulan daftar course correction of course registrations,borang pembetulan daftar kursus correction of course registrations,borang pembetulan daftar kursus correction of kursus registrations,correction course,correction course registrations,course registrations,daftar kursus,daftar kursus correction,form pembetulan daftar kursus correction of course registrations,kursus correction,kursus correction course,pembetulan daftar,pembetulan daftar kursus",Dokumen rasmi PPA UTHM: Borang Pembetulan Daftar Kursus Correction Of Course Registrations.,https://ppa.uthm.edu.my/images/borang/form_insert_delete.pdf,documents/ppa_official/10_borang_pembetulan_daftar_kursus_correction_of_course_registrations.pdf,downloaded,277880
Borang Rayuan Penyemakan Gred Kursus Peperiksaan Akhir Application for a review of course grade,"Borang Rayuan Penyemakan Gred Kursus Peperiksaan Akhir Application for a review of course grade,akhir application,akhir application for,application for,application for review,borang rayuan,borang rayuan penyemakan,borang rayuan penyemakan gred course peperiksaan akhir application for a review of course grade,borang rayuan penyemakan gred kursus peperiksaan akhir application for a review of course grade,borang rayuan penyemakan gred kursus peperiksaan akhir application for a review of kursus grade,course grade,for review,for review course,form rayuan penyemakan gred kursus peperiksaan akhir application for a review of course grade,gred kursus,gred kursus peperiksaan,kursus peperiksaan,kursus peperiksaan akhir,penyemakan gred,penyemakan gred kursus,peperiksaan akhir,peperiksaan akhir application,rayuan penyemakan,rayuan penyemakan gred,review course,review course grade",Dokumen rasmi PPA UTHM: Borang Rayuan Penyemakan Gred Kursus Peperiksaan Akhir Application for a review of course grade.,https://ppa.uthm.edu.my/images/UPPP/borang/B17-01_-_Borang_Semakan_Gred_Kursus.pdf,documents/ppa_official/11_borang_rayuan_penyemakan_gred_kursus_peperiksaan_akhir_application_for_a_review_of_course_grade.pdf,downloaded,57309
Memo Pengesahan Tempoh Lanjutan Pengajian Pelajar (Latihan Industri),"Memo Pengesahan Tempoh Lanjutan Pengajian Pelajar (Latihan Industri),lanjutan pengajian,lanjutan pengajian pelajar,latihan industri,memo pengesahan,memo pengesahan tempoh,memo pengesahan tempoh lanjutan pengajian pelajar (latihan industri),memo pengesahan tempoh lanjutan study pelajar (latihan industri),pelajar latihan,pelajar latihan industri,pengajian pelajar,pengajian pelajar latihan,pengesahan tempoh,pengesahan tempoh lanjutan,tempoh lanjutan,tempoh lanjutan pengajian",Dokumen rasmi PPA UTHM: Memo Pengesahan Tempoh Lanjutan Pengajian Pelajar (Latihan Industri).,https://ppa.uthm.edu.my/images/UPPP/borang/UTHM-PPA-2007-20_-_Memo_pengesahan_tempoh_lanjutan_latihan_industri_-_KERTAS_HIJAU.pdf,documents/ppa_official/12_memo_pengesahan_tempoh_lanjutan_pengajian_pelajar_latihan_industri.pdf,downloaded,85168
Memo Pengesahan Tempoh Lanjutan Pengajian Pelajar (Kursus 6 jam kredit ke bawah),"Memo Pengesahan Tempoh Lanjutan Pengajian Pelajar (Kursus 6 jam kredit ke bawah),jam kredit,jam kredit bawah,kredit bawah,kursus jam,kursus jam kredit,lanjutan pengajian,lanjutan pengajian pelajar,memo pengesahan,memo pengesahan tempoh,memo pengesahan tempoh lanjutan pengajian pelajar (course 6 jam kredit ke bawah),memo pengesahan tempoh lanjutan pengajian pelajar (kursus 6 jam kredit ke bawah),memo pengesahan tempoh lanjutan study pelajar (kursus 6 jam kredit ke bawah),pelajar kursus,pelajar kursus jam,pengajian pelajar,pengajian pelajar kursus,pengesahan tempoh,pengesahan tempoh lanjutan,tempoh lanjutan,tempoh lanjutan pengajian",Dokumen rasmi PPA UTHM: Memo Pengesahan Tempoh Lanjutan Pengajian Pelajar (Kursus 6 jam kredit ke bawah).,https://ppa.uthm.edu.my/images/UPPP/borang/UTHM-PPA-2007-21_-_Memo_pengesahan_tempoh_lanjutan_pengajian_pelajar_-_KERTAS_BIRU.pdf,documents/ppa_official/13_memo_pengesahan_tempoh_lanjutan_pengajian_pelajar_kursus_6_jam_kredit_ke_bawah.pdf,downloaded,46582
Borang Aduan Kes Penyelewengan Akademik Academic Misconduct Complaint Form,"Borang Aduan Kes Penyelewengan Akademik Academic Misconduct Complaint Form,academic misconduct,academic misconduct complaint,aduan kes,aduan kes penyelewengan,akademik academic,akademik academic misconduct,borang aduan,borang aduan kes,borang aduan kes penyelewengan akademik academic misconduct complaint borang,borang aduan kes penyelewengan akademik academic misconduct complaint form,complaint form,form aduan kes penyelewengan akademik academic misconduct complaint form,kes penyelewengan,kes penyelewengan akademik,misconduct complaint,misconduct complaint form,penyelewengan akademik,penyelewengan akademik academic",Dokumen rasmi PPA UTHM: Borang Aduan Kes Penyelewengan Akademik Academic Misconduct Complaint Form.,https://ppa.uthm.edu.my/images/UPPP/Borang_Terbaru/peperiksaan%202025/BORANG_PENYELEWENGAN_EDIT_040725.pdf,documents/ppa_official/14_borang_aduan_kes_penyelewengan_akademik_academic_misconduct_complaint_form.pdf,downloaded,883811
Borang Pengecualian Kursus Application For Course Exemption,"Borang Pengecualian Kursus Application For Course Exemption,application for,application for course,borang pengecualian,borang pengecualian course application for course exemption,borang pengecualian kursus,borang pengecualian kursus application for course exemption,borang pengecualian kursus application for kursus exemption,course exemption,for course,for course exemption,form pengecualian kursus application for course exemption,kursus application,kursus application for,pengecualian kursus,pengecualian kursus application",Dokumen rasmi PPA UTHM: Borang Pengecualian Kursus Application For Course Exemption.,https://ppa.uthm.edu.my/images/UPPP/Borang_Terbaru/B09_Borang_Pengecualian_Kursus_2025.pdf,documents/ppa_official/15_borang_pengecualian_kursus_application_for_course_exemption.pdf,downloaded,91556
Application For Early Academic Certificate & Transcript,"Application For Early Academic Certificate & Transcript,academic certificate,academic certificate transcript,application for,application for early,application for early academic certificate & transcript,application for early academic certificate & transkrip,application for early academic sijil & transcript,certificate transcript,early academic,early academic certificate,for early,for early academic",Dokumen rasmi PPA UTHM: Application For Early Academic Certificate & Transcript.,https://ppa.uthm.edu.my/images/UPPP/Borang_Terbaru/Borang_Permohonan_Sijil__Transkrip_Awal.pdf,documents/ppa_official/16_application_for_early_academic_certificate_transcript.pdf,downloaded,190796
Borang Tangguh Pengajian Defer Of Study Application Form,"Borang Tangguh Pengajian Defer Of Study Application Form,application form,borang tangguh,borang tangguh pengajian,borang tangguh pengajian defer of pengajian application form,borang tangguh pengajian defer of study application borang,borang tangguh pengajian defer of study application form,borang tangguh study defer of study application form,defer study,defer study application,form tangguh pengajian defer of study application form,pengajian defer,pengajian defer study,study application,study application form,tangguh pengajian,tangguh pengajian defer",Dokumen rasmi PPA UTHM: Borang Tangguh Pengajian Defer Of Study Application Form.,https://ppa.uthm.edu.my/images/UPPP/Borang_Terbaru/peperiksaan%202026/Borang_Permohonan_Tangguh_Pengajian.pdf,documents/ppa_official/17_borang_tangguh_pengajian_defer_of_study_application_form.pdf,downloaded,606438
Borang Tangguh Pengajian (Sukan) Application Form For Defer Of Study (sport),"Borang Tangguh Pengajian (Sukan) Application Form For Defer Of Study (sport),application form,application form for,borang tangguh,borang tangguh pengajian,borang tangguh pengajian (sukan) application borang for defer of study (sport),borang tangguh pengajian (sukan) application form for defer of pengajian (sport),borang tangguh pengajian (sukan) application form for defer of study (sport),borang tangguh study (sukan) application form for defer of study (sport),defer study,defer study sport,for defer,for defer study,form for,form for defer,form tangguh pengajian (sukan) application form for defer of study (sport),pengajian sukan,pengajian sukan application,study sport,sukan application,sukan application form,tangguh pengajian,tangguh pengajian sukan",Dokumen rasmi PPA UTHM: Borang Tangguh Pengajian (Sukan) Application Form For Defer Of Study (sport).,https://ppa.uthm.edu.my/images/UPPP/Borang_Terbaru/peperiksaan%202026/Borang_Permohonan_Tangguh_Pengajian_Sukan.pdf,documents/ppa_official/18_borang_tangguh_pengajian_sukan_application_form_for_defer_of_study_sport.pdf,downloaded,656053
Borang Lapor Diri Pengajian Student Registration Form,"Borang Lapor Diri Pengajian Student Registration Form,borang lapor,borang lapor diri,borang lapor diri pengajian student registration borang,borang lapor diri pengajian student registration form,borang lapor diri study student registration form,diri pengajian,diri pengajian student,form lapor diri pengajian student registration form,lapor diri,lapor diri pengajian,pengajian student,pengajian student registration,registration form,student registration,student registration form",Dokumen rasmi PPA UTHM: Borang Lapor Diri Pengajian Student Registration Form.,https://ppa.uthm.edu.my/images/UPPP/Borang_Terbaru/Borang_Lapor_Diri_Pengajian_20012025.pdf,documents/ppa_official/19_borang_lapor_diri_pengajian_student_registration_form.pdf,downloaded,200646
Borang Berhenti Pengajian,"Borang Berhenti Pengajian,berhenti pengajian,borang berhenti,borang berhenti pengajian,borang berhenti study,form berhenti pengajian",Dokumen rasmi PPA UTHM: Borang Berhenti Pengajian.,https://ppa.uthm.edu.my/images/UPPP/Borang_Terbaru/BORANG_BERHENTI_PENGAJIAN_20012025.pdf,documents/ppa_official/20_borang_berhenti_pengajian.pdf,downloaded,726997
Borang Permohonan Penggunaan Kenderaan,"Borang Permohonan Penggunaan Kenderaan,borang permohonan,borang permohonan penggunaan,borang permohonan penggunaan kenderaan,form permohonan penggunaan kenderaan,penggunaan kenderaan,permohonan penggunaan,permohonan penggunaan kenderaan",Dokumen rasmi PPA UTHM: Borang Permohonan Penggunaan Kenderaan.,https://ppa.uthm.edu.my/images/borang/BORANG_PERMOHONAN_PENGGUNAAN_KENDERAAN_kemaskini_20082025.docx,documents/ppa_official/21_borang_permohonan_penggunaan_kenderaan.docx,downloaded,52553
Borang Penghantaran Kertas Kerja Untuk Mesyuarat Senat / JPA (Pdf),"Borang Penghantaran Kertas Kerja Untuk Mesyuarat Senat / JPA (Pdf),borang penghantaran,borang penghantaran kertas,borang penghantaran kertas kerja untuk mesyuarat senat / jpa (pdf),borang penghantaran kertas kerja untuk mesyuarat senate / jpa (pdf),borang penghantaran working paper untuk mesyuarat senat / jpa (pdf),form penghantaran kertas kerja untuk mesyuarat senat / jpa (pdf),jpa pdf,kerja untuk,kerja untuk mesyuarat,kertas kerja,kertas kerja untuk,mesyuarat senat,mesyuarat senat jpa,penghantaran kertas,penghantaran kertas kerja,senat jpa,senat jpa pdf,untuk mesyuarat,untuk mesyuarat senat",Dokumen rasmi PPA UTHM: Borang Penghantaran Kertas Kerja Untuk Mesyuarat Senat / JPA (Pdf).,https://ppa.uthm.edu.my/images/USPG/Format_KK_Baru_Senat/BORANG_PENGHANTARAN_KERTAS_KERJA_TERKINI_2025_PDF.pdf,documents/ppa_official/22_borang_penghantaran_kertas_kerja_untuk_mesyuarat_senat_jpa_pdf.pdf,downloaded,156637
Borang Penghantaran Kertas Kerja Untuk Mesyuarat Senat / JPA (Word),"Borang Penghantaran Kertas Kerja Untuk Mesyuarat Senat / JPA (Word),borang penghantaran,borang penghantaran kertas,borang penghantaran kertas kerja untuk mesyuarat senat / jpa (word),borang penghantaran kertas kerja untuk mesyuarat senate / jpa (word),borang penghantaran working paper untuk mesyuarat senat / jpa (word),form penghantaran kertas kerja untuk mesyuarat senat / jpa (word),jpa word,kerja untuk,kerja untuk mesyuarat,kertas kerja,kertas kerja untuk,mesyuarat senat,mesyuarat senat jpa,penghantaran kertas,penghantaran kertas kerja,senat jpa,senat jpa word,untuk mesyuarat,untuk mesyuarat senat",Dokumen rasmi PPA UTHM: Borang Penghantaran Kertas Kerja Untuk Mesyuarat Senat / JPA (Word).,https://ppa.uthm.edu.my/images/USPG/Format_KK_Baru_Senat/BORANG_PENGHANTARAN_KERTAS_KERJA_TERKINI_2025_WORD.doc,documents/ppa_official/23_borang_penghantaran_kertas_kerja_untuk_mesyuarat_senat_jpa_word.doc,downloaded,86528
Halaman Penyedia Senat,"Halaman Penyedia Senat,halaman penyedia,halaman penyedia senat,halaman penyedia senate,penyedia senat",Dokumen rasmi PPA UTHM: Halaman Penyedia Senat.,https://ppa.uthm.edu.my/images/USPG/contoh_Halaman_Penyedia_Senat.docx,documents/ppa_official/24_halaman_penyedia_senat.docx,downloaded,40147
Halaman Penyedia JPA,"Halaman Penyedia JPA,halaman penyedia,halaman penyedia jpa,penyedia jpa",Dokumen rasmi PPA UTHM: Halaman Penyedia JPA.,https://ppa.uthm.edu.my/images/USPG/contoh_Halaman_Penyedia_JPA.docx,documents/ppa_official/25_halaman_penyedia_jpa.docx,downloaded,40650
Format CV Pelantikan Luar Senat / JPA,"Format CV Pelantikan Luar Senat / JPA,borangat cv pelantikan luar senat / jpa,format cv pelantikan luar senat / jpa,format cv pelantikan luar senate / jpa,format pelantikan,format pelantikan luar,luar senat,luar senat jpa,pelantikan luar,pelantikan luar senat,senat jpa",Dokumen rasmi PPA UTHM: Format CV Pelantikan Luar Senat / JPA.,https://ppa.uthm.edu.my/images/USPG/Format_CV_Pelantikan_Luar_Senat_1.docx,documents/ppa_official/26_format_cv_pelantikan_luar_senat_jpa.docx,downloaded,68369
Garis Panduan Penyediaan Kertas Kerja Senat,"Garis Panduan Penyediaan Kertas Kerja Senat,garis panduan,garis panduan penyediaan,garis panduan penyediaan kertas kerja senat,garis panduan penyediaan kertas kerja senate,garis panduan penyediaan working paper senat,kerja senat,kertas kerja,kertas kerja senat,panduan penyediaan,panduan penyediaan kertas,penyediaan kertas,penyediaan kertas kerja",Dokumen rasmi PPA UTHM: Garis Panduan Penyediaan Kertas Kerja Senat.,https://ppa.uthm.edu.my/images/USPG/Format_KK_Baru_Senat/PANDUAN_KK_SENAT.pdf,documents/ppa_official/27_garis_panduan_penyediaan_kertas_kerja_senat.pdf,downloaded,223661
Format Kertas Kerja Pelantikan Luar Senat,"Format Kertas Kerja Pelantikan Luar Senat,borangat kertas kerja pelantikan luar senat,format kertas,format kertas kerja,format kertas kerja pelantikan luar senat,format kertas kerja pelantikan luar senate,format working paper pelantikan luar senat,kerja pelantikan,kerja pelantikan luar,kertas kerja,kertas kerja pelantikan,luar senat,pelantikan luar,pelantikan luar senat",Dokumen rasmi PPA UTHM: Format Kertas Kerja Pelantikan Luar Senat.,https://ppa.uthm.edu.my/images/USPG/Format_KK_Baru_JPA/FORMAT_KK_PELANTIKAN_LUAR_SENAT.pdf,documents/ppa_official/28_format_kertas_kerja_pelantikan_luar_senat.pdf,downloaded,184656
Format Kertas Kerja Kelulusan / Makluman Senat,"Format Kertas Kerja Kelulusan / Makluman Senat,borangat kertas kerja kelulusan / makluman senat,format kertas,format kertas kerja,format kertas kerja kelulusan / makluman senat,format kertas kerja kelulusan / makluman senate,format working paper kelulusan / makluman senat,kelulusan makluman,kelulusan makluman senat,kerja kelulusan,kerja kelulusan makluman,kertas kerja,kertas kerja kelulusan,makluman senat",Dokumen rasmi PPA UTHM: Format Kertas Kerja Kelulusan / Makluman Senat.,https://ppa.uthm.edu.my/images/USPG/Format_KK_Baru_Senat/LAMPIRAN_3_-_FORMAT_KK_KELULUSAN__MAKLUMAN.pdf,documents/ppa_official/29_format_kertas_kerja_kelulusan_makluman_senat.pdf,downloaded,188839
Templat Kertas Kerja Permohonan Program Baharu,"Templat Kertas Kerja Permohonan Program Baharu,kerja permohonan,kerja permohonan program,kertas kerja,kertas kerja permohonan,permohonan program,permohonan program baharu,program baharu,templat kertas,templat kertas kerja,templat kertas kerja permohonan program baharu,templat working paper permohonan program baharu",Dokumen rasmi PPA UTHM: Templat Kertas Kerja Permohonan Program Baharu.,https://ppa.uthm.edu.my/images/USPG/Format_KK_Baru_JPA/Template_Kertas_Kerja_Permohonan_Program_Baharu_SENAT.docx,documents/ppa_official/30_templat_kertas_kerja_permohonan_program_baharu.docx,downloaded,45201
Templat Kertas Kerja Penawaran Program Baharu,"Templat Kertas Kerja Penawaran Program Baharu,kerja penawaran,kerja penawaran program,kertas kerja,kertas kerja penawaran,penawaran program,penawaran program baharu,program baharu,templat kertas,templat kertas kerja,templat kertas kerja penawaran program baharu,templat working paper penawaran program baharu",Dokumen rasmi PPA UTHM: Templat Kertas Kerja Penawaran Program Baharu.,https://ppa.uthm.edu.my/images/USPG/Format_KK_Baru_JPA/Templat_Kertas_Kerja_Penawaran_Program_Baharu_SENAT_terkini.docx,documents/ppa_official/31_templat_kertas_kerja_penawaran_program_baharu.docx,downloaded,46382
Template Kertas Kerja Penawaran Program Baharu - 01.07.2025,"Template Kertas Kerja Penawaran Program Baharu - 01.07.2025,baharu 2025,kerja penawaran,kerja penawaran program,kertas kerja,kertas kerja penawaran,penawaran program,penawaran program baharu,program baharu,program baharu 2025,template kertas,template kertas kerja,template kertas kerja penawaran program baharu - 01.07.2025,template working paper penawaran program baharu - 01.07.2025",Dokumen rasmi PPA UTHM: Template Kertas Kerja Penawaran Program Baharu - 01.07.2025.,https://ppa.uthm.edu.my/images/USPG/Format_KK_Baru_Senat/Template_Kertas_Kerja_Penawaran_Program_Baharu_-_01.07.2025.docx,documents/ppa_official/32_template_kertas_kerja_penawaran_program_baharu_01_07_2025.docx,downloaded,38494
Templat Kertas Kerja Semakan Kurikulum,"Templat Kertas Kerja Semakan Kurikulum,kerja semakan,kerja semakan kurikulum,kertas kerja,kertas kerja semakan,semakan kurikulum,templat kertas,templat kertas kerja,templat kertas kerja semakan kurikulum,templat working paper semakan kurikulum",Dokumen rasmi PPA UTHM: Templat Kertas Kerja Semakan Kurikulum.,https://ppa.uthm.edu.my/images/USPG/Format_KK_Baru_JPA/Templat_Kertas_Kerja_Semakan_Kurikulum_SENAT.docx,documents/ppa_official/33_templat_kertas_kerja_semakan_kurikulum.docx,downloaded,42615
Garis Panduan Penyediaan Kertas Kerja JPA,"Garis Panduan Penyediaan Kertas Kerja JPA,garis panduan,garis panduan penyediaan,garis panduan penyediaan kertas kerja jpa,garis panduan penyediaan working paper jpa,kerja jpa,kertas kerja,kertas kerja jpa,panduan penyediaan,panduan penyediaan kertas,penyediaan kertas,penyediaan kertas kerja",Dokumen rasmi PPA UTHM: Garis Panduan Penyediaan Kertas Kerja JPA.,https://ppa.uthm.edu.my/images/USPG/Format_KK_Baru_JPA/PANDUAN_KK_JPA_1.pdf,documents/ppa_official/34_garis_panduan_penyediaan_kertas_kerja_jpa.pdf,downloaded,208837
Format Kertas Kerja Pelantikan Luar JPA,"Format Kertas Kerja Pelantikan Luar JPA,borangat kertas kerja pelantikan luar jpa,format kertas,format kertas kerja,format kertas kerja pelantikan luar jpa,format working paper pelantikan luar jpa,kerja pelantikan,kerja pelantikan luar,kertas kerja,kertas kerja pelantikan,luar jpa,pelantikan luar,pelantikan luar jpa",Dokumen rasmi PPA UTHM: Format Kertas Kerja Pelantikan Luar JPA.,https://ppa.uthm.edu.my/images/USPG/Format_KK_Baru_JPA/FORMAT_KK_PELANTIKAN_LUAR_JPA.pdf,documents/ppa_official/35_format_kertas_kerja_pelantikan_luar_jpa.pdf,downloaded,184616
Format Kertas Kerja Kelulusan / Makluman JPA,"Format Kertas Kerja Kelulusan / Makluman JPA,borangat kertas kerja kelulusan / makluman jpa,format kertas,format kertas kerja,format kertas kerja kelulusan / makluman jpa,format working paper kelulusan / makluman jpa,kelulusan makluman,kelulusan makluman jpa,kerja kelulusan,kerja kelulusan makluman,kertas kerja,kertas kerja kelulusan,makluman jpa",Dokumen rasmi PPA UTHM: Format Kertas Kerja Kelulusan / Makluman JPA.,https://ppa.uthm.edu.my/images/USPG/Format_KK_Baru_JPA/FORMAT_KK_KELULUSAN__MAKLUMAN_JPA.pdf,documents/ppa_official/36_format_kertas_kerja_kelulusan_makluman_jpa.pdf,downloaded,324250
Templat Kertas Kerja Permohonan Program Baharu,"Templat Kertas Kerja Permohonan Program Baharu,kerja permohonan,kerja permohonan program,kertas kerja,kertas kerja permohonan,permohonan program,permohonan program baharu,program baharu,templat kertas,templat kertas kerja,templat kertas kerja permohonan program baharu,templat working paper permohonan program baharu",Dokumen rasmi PPA UTHM: Templat Kertas Kerja Permohonan Program Baharu.,https://ppa.uthm.edu.my/images/USPG/Format_KK_Baru_JPA/Template_Kertas_Kerja_Permohonan_Program_Baharu_JPA.docx,documents/ppa_official/37_templat_kertas_kerja_permohonan_program_baharu.docx,downloaded,42822
Templat Kertas Kerja Penawaran Program Baharu,"Templat Kertas Kerja Penawaran Program Baharu,kerja penawaran,kerja penawaran program,kertas kerja,kertas kerja penawaran,penawaran program,penawaran program baharu,program baharu,templat kertas,templat kertas kerja,templat kertas kerja penawaran program baharu,templat working paper penawaran program baharu",Dokumen rasmi PPA UTHM: Templat Kertas Kerja Penawaran Program Baharu.,https://ppa.uthm.edu.my/images/USPG/Format_KK_Baru_JPA/Templat_Kertas_Kerja_Penawaran_Program_Baharu_JPA_terkini.docx,documents/ppa_official/38_templat_kertas_kerja_penawaran_program_baharu.docx,downloaded,44361
Templat Kertas Kerja Semakan Kurikulum,"Templat Kertas Kerja Semakan Kurikulum,kerja semakan,kerja semakan kurikulum,kertas kerja,kertas kerja semakan,semakan kurikulum,templat kertas,templat kertas kerja,templat kertas kerja semakan kurikulum,templat working paper semakan kurikulum",Dokumen rasmi PPA UTHM: Templat Kertas Kerja Semakan Kurikulum.,https://ppa.uthm.edu.my/images/USPG/Format_KK_Baru_JPA/Templat_Kertas_Kerja_Semakan_Kurikulum_JPA.docx,documents/ppa_official/39_templat_kertas_kerja_semakan_kurikulum.docx,downloaded,42383
Borang Wakil Ambil Sijil / Transkrip,"Borang Wakil Ambil Sijil / Transkrip,ambil sijil,ambil sijil transkrip,borang wakil,borang wakil ambil,borang wakil ambil certificate / transkrip,borang wakil ambil sijil / transcript,borang wakil ambil sijil / transkrip,form wakil ambil sijil / transkrip,sijil transkrip,wakil ambil,wakil ambil sijil",Dokumen rasmi PPA UTHM: Borang Wakil Ambil Sijil / Transkrip.,https://ppa.uthm.edu.my/images/borang/borang_wakil_ambil_sijil_BM_BI_2020.pdf,documents/ppa_official/40_borang_wakil_ambil_sijil_transkrip.pdf,downloaded,159468
Borang Pengeposan Sijil / Transkrip,"Borang Pengeposan Sijil / Transkrip,borang pengeposan,borang pengeposan certificate / transkrip,borang pengeposan sijil,borang pengeposan sijil / transcript,borang pengeposan sijil / transkrip,form pengeposan sijil / transkrip,pengeposan sijil,pengeposan sijil transkrip,sijil transkrip",Dokumen rasmi PPA UTHM: Borang Pengeposan Sijil / Transkrip.,https://ppa.uthm.edu.my/images/borang/Surat_Kebenaran_Mengepos_Sijil_Dan_Transkrip_BM_2020.pdf,documents/ppa_official/41_borang_pengeposan_sijil_transkrip.pdf,downloaded,10310
Garis Panduan Penasihat Akademik Dan Kerjaya (PAK),"Garis Panduan Penasihat Akademik Dan Kerjaya (PAK),akademik dan,akademik dan kerjaya,dan kerjaya,dan kerjaya pak,garis panduan,garis panduan penasihat,garis panduan penasihat akademik dan kerjaya (pak),kerjaya pak,panduan penasihat,panduan penasihat akademik,penasihat akademik,penasihat akademik dan",Dokumen rasmi PPA UTHM: Garis Panduan Penasihat Akademik Dan Kerjaya (PAK).,https://ppa.uthm.edu.my/images/SPAK/GARIS%20PANDUAN%20PAK.pdf,documents/ppa_official/42_garis_panduan_penasihat_akademik_dan_kerjaya_pak.pdf,downloaded,656815
Borang Perakuan Berkaitan Maklumat,"Borang Perakuan Berkaitan Maklumat,berkaitan maklumat,borang perakuan,borang perakuan berkaitan,borang perakuan berkaitan maklumat,form perakuan berkaitan maklumat,perakuan berkaitan,perakuan berkaitan maklumat",Dokumen rasmi PPA UTHM: Borang Perakuan Berkaitan Maklumat.,https://ppa.uthm.edu.my/images/Data%20Akademik/BORANG%20PERAKUAN%20BERKAITAN%20MAKLUMAT%202.pdf,documents/ppa_official/43_borang_perakuan_berkaitan_maklumat.pdf,downloaded,20797
